label,0,1,2,3,4,5,6,7
org_2,,,,,,,,
000webhost,14,16,,,,,,
0adz,,2,,,,,,
10xrecruit,,1,,,,,,
126,,119,,1,,,,
163,,4,,1,,,,
21cf,3,3,1,,,,,
2checkout,1,,,,,,,
2shared,1,1,,,,,,
33mail,19,1,,,,,,
365premium,3,1,,,,,,
3digiprints,3,4,,,,,,
3ding,1,9,,,,,,
3dr,,1,1,,,,,
3ds,,3,,,,,,
4shared,3,1,,,,,,
BillHowell,4,2,,,,,,
GoDaddy,2,4,,,,,,
HobbyKing,1,,,,,,,
L3Harris,,1,,,,,,
MachineLearningMastery,3,2,,,,,,
Magento,,1,1,,,,,
MakeMyTrip,1,,,,,,,
Mentor,,2,1,,,,,
Neo4j,1,,,,,,,
Neotechnology,1,4,2,,,,,
STATE,,,,,,,,
ZOONIVERSE,10,16,1,1,,,,
aaai,1,,,,,,,
aamaadmiparty,113,105,,,,,,
aau,,,,,,,,
academia,6,7,,,,,,2
academia-mail,91,71,37,,,,,37
acces-neovote,2,,,,,,,
account-nvidia,2,2,,,,,,
ace2three,1,2,,,,,,
aciek-academy,1,,,,,,,
acm,4,1,,,,,,
acmicpc,1,2,,,,,,
acsir,,2,,,,,,
adclicxa,,,,,,,,
addmi,1,,,,,,,
adh-assurances,1,,,,,,,
admin.ox.ac.uk,,2,,,,,,
adobe,,4,,,,,,
adultfriendfinder,,1,,,,,,1
adum,76,1,2,,,,,
af,,2,1,,,,,
af3,,1,,,,,,
afraid,3,2,,,,,,
afwerxchallenge,3,,3,5,,,,
afwerxfusion,,,,2,,,,
agencenavigo,4,1,1,,,,,
agencenavigoannuel,2,,,,,,,
aicte-india,12,7,,,,,,
airfrance,8,4,1,,,3,,
airindia,4,,,,,,,
airpostmail,12,13,3,,,,,
airserbia,3,1,,,,2,,
airtable,71,60,30,,,,,
airtel,5,4,,,,,,
airvistara,,9,17,,,,,
alchemyapi,,1,,,,,,
algorithmia,,,,,,,,
aliexpress,8,,39,,,,,
allalert,,1,,,,,1,
altera,14,10,,,,,,
amadeus,2,1,,,,1,,
amazon,470,1403,1083,,164,,26,
amdocs,,5,,,,,,
ameli,3,,,,,,,
amerinoc,13,9,,,,,,
ames-it-solutions,1,3,,,,,,
amnh,,1,32,,1,,,
ampleclick,,1,1,,,,,
amrita,,2,,,,,,
androidzoom,,,,,,,,
andromedapublisher,,1,,,,,,
angel,77,83,118,,,,,
animalvetsci,,1,,,,,,
anrt,8,,6,,,,,
api,,3,1,,,,,
apple,95,38,32,,34,,,
applemusic,,11,23,,,,,
aptech,1,1,,,,,,
aramex,4,6,,,,,,
archive,,,,,,,,
arxiv,,,,,,,,
arya,4,20,15,,,,,
aryaemailer,,,2,,,,,
asana,5,4,,,,,,
aspiringmail,1,,,,,,,
aspiringminds,10,5,4,,,,,
assurance-maladie,1,,,,,,,
astrium-geo,,,,,,,,
astrospeak,,1,1,,,,,
asus,27,34,14,,,,,
asusindiapromo,2,2,,,,,,
asuswebstorage,10,18,20,,,,,
asvspoof,2,2,,1,,,,
atcoder,2,173,,,,,,
atlassian,5,3,,,,,,
atmel,1,4,1,,,,,
auchan,2,2,1,,,,,
audible,1,3,1,,,,,
autodesk,24,16,3,,,,,
autodesk360,1,1,,,,,,
autosmail,3,,3,,,,,
avast,2,1,,,,,,
avature,1,1,,,,,,
awidit,,2,,,,,,
awseducate,7,10,15,,,,,
axisbank,2,2,,,,,,
axisbankmail,1,1,,,,,,
barbeque-nation,1,1,,,,,,
barbequenation,,1,1,,,,,
barconlineexam,2,2,,,,,,
baudel,,,,,,,,
bbnl,1,3,,,,,,
bemyapp,1,,1,,,,,
bencurb,9,,3,,,,8,
bigbasket,7,40,45,,4,,,
binghamton,2,3,4,,,,,
bird,,4,9,,,,,
birthdayfb,17,16,,,,,,
bitbucket,6,3,1,,,,,
bitly,,6,5,,,,,
bizee,,,,3,,,,
blablacar,3,2,,,,,,
bluedart,,1,,,,,,
bluelighthost,,1,,,,,,
bluemix,5,2,,,,,,
bntmailer,,1,1,,,,,
booking,11,10,12,,,2,,
bookmyforex,3,2,9,,,,,
bookmyshow,66,115,94,,,,,
box8letters,17,10,3,,2,,,
bpest-dijon,,,1,,,,,
brandedme,2,2,,,,,,
brandshop,6,5,,,,,,
brassring,11,6,,,,,,
brilliant,50,75,22,,,,,
browsec,3,1,,,,,,
bsnl,,1,,,,,,
buffalo,,,2,,,,,
buyforexonline,2,,,,,,,
caTechnologies,,,,,,,,
caisse-epargne,45,18,,,,,,
cakewalk,1,3,2,,,,,
calendly,29,,2,,,,,
caltech,1,2,,,,,,
cambridge-intelligence,5,14,10,,,,,
camscanner,2,1,,,,,,
cancerimagingarchive,,2,,,,,,
capellaspace,,2,,,,,,
cardekho,5,17,15,,,,,
cardekholetters,,1,1,,,,,
cardekhomailer,,10,8,,,,,
careerfolio,,1,,,,,,
careernet,1,5,,,,,,
careers360,4,8,4,,,,,
carwale,1,,,,,,,
catalystcampus,,6,,1,,,,
causesmail,3,6,,,,,,
cbsnewsletter,,1,3,,,,,
cdac,1,3,,,,,,
celestialsoftware,1,1,,,,,,
centralesupelec,14,643,,279,,21,,
centrepompidou,,,1,,,,,
cfigroup,1,,,,,,,
change,70,78,2,,,,,
chegg,1,1,,,,,,
chronopost,5,1,,,,,,
chtah,,,1,,,,,
cibleicon,1,,1,,,,,
cinemasgaumontpathe,4,2,,,,,,
cinemaspathegaumont,2,1,,,,,,
cinemax,3,2,,,,,,
cisco,1,,,,,,,
citruspay,4,1,,,,,,
cityscapes-dataset,1,3,,,,,,
ciudad,,1,,,,,,
classmates,1,4,6,,,,,
cleartrip,,6,15,,,,,
clerky,3,,,,,,,
clippingmagic,,,,,,,,
cloudHQ,2,5,,,,,,
cloudbees,,,1,,,,,
cloudflare,3,,,,,,,
cloudhq,1,2,,,,,,
cloudlinux,,1,,,,,,
cloudns,14,18,2,,,,,
clubvistara,2,5,6,,,,,
cmrjournal,,1,,,,,,
cmsworkshops,9,4,,,,,,
cnvs,,1,,,,,,
cocubes,87,57,,,,,,
codalab,37,22,,,,,,
codeanywhere,9,4,3,,,,,
codebreak,1,1,,,,,,
codecademy,19,49,28,,,,,
codechef,77,73,1,,,,,
codefactor,1,1,,,,,,
codeproject,1,7,,8,,,,
codeschool,,43,41,,,,,
codeship,8,12,,,,,,
collegeprachaar,2,2,,,,,,
colorado,1,2,2,,,,,
comet,14,2,10,,,,,
comet-mail,,,4,,,,,
comma,,1,1,,,,,
commtrends,2,1,,,,,,
compbuzz,,1,,,,,,
computer,,,3,,,,,
congres-vert,,,,,,,,
connect-passengers,1,,,,,2,,
connectedphotos,2,,,,,,,
connectifyme,4,6,,,,,,
consumer-live,1,,,,,,,
contact-adh-assurances,,,2,,,,,
coronainsights,1,1,,,,,,
coupondunia,,42,39,,,,,
coursera,434,499,59,,,,,
crazydomains,46,80,22,,1,,,
creately,1,,2,,,,,
creativedestructionlab,1,8,,,,,,
critical,,1,,,,,,
cromaretail,,1,6,,,,,
crosshairscommunication,,,,,,,,
crous-versailles,9,44,,,,,,
crowdai,7,4,6,,,,,
crowdcast,1,,,,,,,
crowdfightcovid19,19,,,,,,,
cs.ox.ac.uk,,3,,,,,,
cs.technion.ac.il,,1,,,,,,
cse.iitd.ac.in,,19,,,,,,
cse.iitk.ac.in,,,,,,,,
cse.iitm.ac.in,,5,,,,,,
cseindia,8,1,3,,,,,
csphclrectt14,,1,,,,,,
dailyspeak,4,15,12,,,,,
databolt,,,,,,,,
datacamp,3,43,43,,,,,
dataquest,1,1,,,,,,
dcoder,1,1,1,,,,,
ddunationalseminarsc,,7,,,,,,
deeplearning,56,12,25,,,,,
dexterousdigitech,35,4,21,,,,,
dfxinfo,1,,,,,,,
dfxnews,4,3,,,,,,
dgfip.finances.gouv.fr,3,,,,,,,
dhingana,13,14,,,,,,
dhl,1,,,,2,,,
dhruvkumarjha,,,,2,,,,
dialogflow,2,3,,,,,,
digitalglobe,3,14,23,,,,,
diguy,1,1,,,,,,
diplomatie,,1,,,,,,
directvote,3,,,,,,,
disneyplus,4,,,,,,,
diu,,3,,,,,,
diux,12,7,3,,,,,
divx,,1,1,,,,,
divx-newsletters,,1,,,,,,
diydrones,3,2,2,,,,,
dmrc,2,2,,,,,,
docker,5,3,10,,,,,
dominos,11,8,,,,,,
dominosmails,2,2,,,,,,
doodle,42,22,,,,,,
doselect,1,1,1,,,,,
drdo,1,,,,,,,
drivendata,1,,,,,,,
dropbox,66,28,6,,,,,
dropbox-mktg,4,1,,,,,,
dropboxmail,47,22,2,,,,,
dtdc,4,2,,,,,,
dtu,,15,,,,,,
duolingo,217,107,29,,,,,
dvc,1,,,,,,,
dyn,1,1,,,,,,
easychair,15,42,,,,,,
ebay,26,219,187,,2,,,
ebs,2,1,,,,,,
economictimes,1,,,,,,,
economictimesonline,,,,,,,,
ecp,,60,,13,,,,
ed,1,1,,,,,,
edc.bsnl.co.in,1,,,,,,,
educationation,10,3,,,,,,
edx,25,102,74,,,,,
ee.iith.ac.in,,2,,,,,,
eer,5,1,,,,,,
eezyrent,7,6,,,,,,
efinmail,66,61,7,,,,,
einsteinathome,1,1,,,,,,
elastichosts,,1,,,,,,
elitmus,,1,,,,,,
elitmusmail,4,8,,,,,,
elsevier,15,,1,,,,,
elsevierhealth,1,,,,,,,
elxer,1,2,,,,,,
email-marriott,18,,2,,,,,
emails-makemytrip,,8,27,,,,,
eng.ox.ac.uk,,5,,,,,,
ens,,,,,,,,
enti,1,1,,,,,,
entropay,30,28,,,,,,
eos,57,1,,,,,,
epfl,,2,,,,,,
epic,,1,,,,,,
epoch,,1,,,,,,
equitywatch,2,,,1,,,,
ernet,3,4,,,,,,
esa,9,3,,,,,,
eservices-laposte,4,,15,,,,,
etihad,4,4,,,,1,,
ettus,,2,,,,,,
eudyptula-challenge,3,3,,,,,,
evelynlearning,,4,,,,,,
eventbrite,6,5,,,,,,
evernote,44,40,20,,,,,
examCrazy,1,2,,,,,,
example,2,1,,,,,,
exosaero,,,,,,,,
expertrating,,1,,,,,,
f-career,,1,,,,,,
f6s,18,1,,,,,,
faasos,1,3,,,1,,,
fabhotels,,,,,,,,
facebook,,1,,,,,,
facebookappmail,11,10,,,,,,
facebookmail,1,141,,,,,,64
factset,,2,,,,,,
fccashback,,2,2,,,,,
fedex,1,1,,,,,,
feedly,,,3,,,,,
filestack,1,,2,,,,,
findstay,8,8,,,,,,
flashrecruit,3,,,,,,1,
flat,,2,3,,,,,
flexy,2,,,,,,,
flickr,,1,,,,,,1
flipkart,87,56,52,,32,,,
flipkartletters,,312,329,,,,,
flipkartmail,,12,13,,,,,
flipkartpromotions,2,4,1,,,,,
fnac,13,,74,,3,,,
foodpanda,31,188,166,,20,,,
fortinet,1,,,,,,,
fossa,,,,,,,,
fotor,,2,,,,,,
foursquare,,3,3,,,,,1
foxmail,,,1,,,,,
france-visas,6,2,,,,,,
franceconnect,3,,,,,,,
frankfurt-airport,1,2,11,,,,,
franz,3,3,,,,,,
fraport,2,1,,,,,,
freecharge,1,1,,,,,,
freecharge-offers,2,2,,,,,,
freedns,,1,,,,,,
freedomrewardz,3,3,,,,,,
freekacharge,1,1,,,,,,
freelancer,134,138,,,,,,
freepik-mail,,,27,,,,,
freshdesk,6,15,,,,,,
freshersworld,127,122,,,,,,
freshworks,2,5,4,,,,,
fsmp,,2,,,,,,
fun-campus,3,,,,,,,
funaster,,2,2,,,,,
gaana,2,1,,,,,,
gaanainfo,6,6,,,,,,
gaanamail,20,17,,,,,,
gate.iitkgp.ac.in,4,2,,,,,,
geeksforgeeks,1,5,1,,,,,
geniecabs,,1,,,,,,
getcu3er,3,1,,,,,,
getflow,,,2,,,,,
getpostman,3,13,12,,,,,
gitguardian,1,,,,,,,
github,231,222,,761,,,,
gitlab,3,,,,,,,
glassdoor,96,112,12,,,,,
gleam,1,1,,,,,,
gliffy,2,2,,,,,,
globalfashion,,1,,,,,,
globalhealth5050,,4,,,,,,
gmail,114,1073,9,76,,3,5,
godaddy,10,20,9,,,,,
goindigo,20,46,84,,,9,,
goodreads,1,62,,,,,,67
google,3020,1232,14,,9,,,43
googlegroups,1,12,,5,,,,
googlemail,,20,,,,,,
gopro,1,3,12,,,,,
gotinder,5,2,2,,,,,
gotowebinar,4,3,,,,,,
govivace,,1,,,,,,
grabhouse,2,2,,,,,,
graffitinumb,,,,,,,1,
grammarly,,126,151,,,,,
granular,15,415,1,135,,,,
graymatics,,7,,,,,,
grillorfry,6,,,,,,3,
groupiop,1,,,,,,,
gskpurchase,,1,,,,,,
guide2research,5,,,,,,,
hackerearth,151,185,75,,,,,
hackerearthmailers,1,1,,,,,,
hackerrank,114,152,9,,,,,
hackerrankforwork,4,1,,,,,,
hackerrankmail,133,127,1,,,,,
happnmail,1,,5,,,,,
hasteroc,1,,,,,,,
healthconnect.reliancegeneral.co.in,4,,4,,,,,
healthie,,,1,,,,,
heroku,4,7,,,,,,
hindustancopper,1,1,,,,,,
hirefirst,,,,,,,,
hknu,,1,,,,,,
hobbyking,1,7,8,,,,,
hobsons,1,1,,,,,,
holidayiq,4,,3,,,,,
horosproject,,,7,,,,,
hostingdepago,9,9,,,,,,
hotmail,,20,,7,,,,
housing-mailer,1,1,,,,,,
hp,,25,33,,,,,
hsbc,6,4,,,,,,
htc,1,35,36,,,,,
htcdev,2,3,,,,,,
hulumail,3,,,,,,,
hybridwares,,1,,,,,,
hyperspacechallenge,1,13,4,,,,,
i-register,1,1,,,,,,
iadvize,1,,,,,,,
ibest,,1,,,,,,
ibm,25,125,7,1,,,,
ibmcloud,1,,,,,,,
ibmmail,,5,1,,,,,
icicibank,,1,1,,,,,
icicilombard,,,1,,,,,
icims,20,10,,,,,,
icloud,,4,,,,,,
icloudhosting,1,1,,,,,,
ieee,252,124,121,,,,,
ieee-collabratec,35,1,1,,,,17,
ieeeicip,,38,,,,,,
ieeer8,1,,,,,,,
ifpen,,1,,,,,,
ig,,1,,,,,,
iheartdogs,1,,,,,,,
iheartdogs-email,,53,51,,,,,
iiitb,2,3,,,,,,
iiitd,126,11092,11,8697,8,9,,
iist,1,1,,,,,,
iit,1,1,,,,,,
iitd,,33,,,,,,
iith,,6,,,,,,
iitj,,1,,,,,,
iitk,2,4,,,,,,
iitkgp,,1,,,,,,
iitm,2,2,,,,,,
iitp,,,,,,,,
iitrpr,2,5,,,,,,
ijotam,,1,,,,,,
ijsspe,,,,,,,,
iledefrance-mobilites,1,,1,,,,,
ilogo,2,1,,,,,,
image-net,,5,,,,,,
imagekit,,2,,,,,,
imaginecup,5,8,,,,,,
imdb,2,40,98,,,,,
imindmap,2,1,2,,,,,
impactathon,2,2,,,,,,
impartus,3,1,,,,,,
impetus,,6,,,,,,
incontrolproductions,26,15,,,,,,
indeed,4,2,,,,,,
indeedemail,,1,,,,,,
indianoil,,2,,,,,,
indiatimes,11,101,101,,,,10,
indigo-trends,,,1,,,,,
infoaxe,1,1,,,,,,
infos-airfrance,3,1,,,,,,
infosys,1,2,,,,,,
innerchef,,55,53,,,,,
innovaccer,1,,1,,,,,
inox,3,3,,,,,,
inoxmovies,,34,30,,,,,
inria,,43,,35,,,,
instagram,2,25,,,,,,30
insure.reliancegeneral.co.in,,2,3,,,,,
intercom,4,5,1,,,,,
intercom-mail,91,127,86,,,,,
internationaldriversassociation,1,,,,,,,
internations,3,20,3,,,,,30
interviewbit,14,9,1,,,,,
interviewstreet,1,1,,,,,,
intetics,,1,,9,,,,
irctc,14,13,24,,,,1,
isi,,3,,,,,,
isical,1,4,,,,,,
itunes,2,16,29,,,,,
ivcmr,1,,,,,,,
ixigo,3,,,,,,,
izly,4,2,,,,,,
jabong,22,39,11,,,,,
jadavpuruniversity,,1,,,,,,
jeevansathi,2,2,,,,,,
jiit,,3,,,,,,
jmlr,1,1,,,,,,
join,12,10,1,,,,,
joinux,1,1,,,,,,
joytunes,11,2,1,,,,,
jsrt,,,,,,,,
justdial,,2,,,,,,
kaggle,46,39,22,,,,,
khanacademy,39,60,10,,,,,
kivuto,1,1,,,,,,
klarkwrist,1,1,,,,,,
klm,1,,,,,,,
kotak,4,,,,,,5,
ktj,25,18,,,,,,
l3harris,1,,4,,,,,
lama-app,2,1,,,,,,
landing,,,1,,,,,
laposte,6,,17,,,,,
last,,1,,,,,,2
layoutit,1,3,1,,,,,
leanpub,1,2,,,,,,
learnml,1,,,,,,,
leetchi,6,1,,,,,,
lescrous,10,5,5,,,,,
libero,,1,,,,,,
libre,,1,,,,,,
limnu,,2,7,,,,,
linkedin,43,991,4,,,,,1538
lirmm,,6,,,,,,
live,,1,,,,,,
localcirclesmail,22,15,,,,,12,
logaster,1,2,,,,,,
logmein,2,2,,,,,,
longcapture,,1,,,,,,
lookout,1,1,,,,,,
lri,1,3,,,,,,
lucifro,1,2,,,,,,
lumosity,,1,,,,,,
m2i,3,2,,,,,,
madeeasy,1,1,,,,,,
magento,8,62,53,,,,,
magnemit,,,1,,,,,
magoosh,1,,1,,,,,
mail-avis-verifies,,,1,,,,,
mailclues,,1,,,,,,
mak,4,14,10,,,,,
makemytrip,40,25,,,,33,,
makemytripmails,3,6,2,,,,,
man-pasand,,,1,,,,1,
mansys,,,,6,,,,
manuscriptcentral,14,6,,,,,,
mapbox,1,44,50,,,,,
maptive,4,2,2,,,,,
marketmetrics,2,,,,,,2,
marmalademail,4,6,3,,,,,
maruti,,2,,,,,,
mashape,4,3,1,,,,,
mathworks,8,8,14,,,,,
maxar,1,3,15,,,,,
mbajunction,3,7,,,,,,
mea,1,,,,,,,
mech.ssn.edu.in,,8,,,,,,
medallia,1,,,,,,,
medimanage,2,1,,,,,,
medium,371,194,94,,,,,
meeshkan,1,,,,,,,
mega,1,1,,,,,,
mellonlabs,,1,,,,,,
menara,,3,,,,,4,
mentor,3,152,144,,,,,
metaspectral,,,,1,,,,
microsoft,128,133,5,,,,,
minglebox,1,1,,,,,,
miro,1,,,,,,,
miscota,,3,6,,,,,
mit,,1,,,,,,
mitacs,1,2,,,,,,
mixmax,,1,,,,,,
mobikwik,1,3,2,,,,,
moneygram,1,1,,,,,,
mongodb,3,,11,,,,,
monsterindia,36,44,8,,,,,
moqups,,,,,,,,
mozilla,12,9,1,,,,,
mpg,11,36,,,,2,,
msr-cmt,38,15,2,,,,,
mu-sigma,2,2,,,,,,
murraystate,1,1,1,,,,,
myamcat,1,1,,,,,,
mycalendarmail,2,1,,,,,,
myntra,14,11,,,,,,
myopportunity,,1,3,,,,,
mysliderule,8,11,,,,,,
mysql,1,1,,,,,,
myworkday,5,3,,,,,,
myynmail,1,,,,,,1,
myzapak,2,2,,,,,,
naaptoldeals,,18,17,,,,,
naaptoldealz,,,1,,,,,
namomail,2,,,,,,,
nature,,,,,,,,
naukri,,1,,,,,,
naylormarketing,,2,6,,,,,
ndtvecommerce,,30,26,,,,,
neo4j,1,19,22,,,,,
neotechnology,1,6,2,,,,,
neptune,17,5,7,,,,,
netflix,138,165,326,,,,,
newyorktimes,1,12,48,,,,,
ni,5,6,7,,,,,
nic,2,6,,,,,,
nist,,2,,,,,,
nitkkr,,3,,,,,,
nitrc,,1,,,,,,
nitropdf,2,2,,,,,,
nitrr,,6,,,,,,
no-ip,2,6,,,,,,
nobroker,6,6,,,,,,
nobrokerletters,,,1,,,,,
noip,,1,,,,,,
nordaccount,1,,,,,,,
notfound,1477,1699,17,167,48,44,1,
notion,17,,8,,,,,
nptel.iitm.ac.in,19,14,,15,,,,
nrsc,409,711,,,,,,
nsit,,18,,,,,,
nullshot,6,,,,,,5,
nvidia,127,238,271,,,,,
nvidiadeveloper,9,4,,,,,,
nyu,,1,,,,,,
olacabs,252,59,1,,,,,
olamoney,18,2,1,,,,,
olx,6,6,,,,,,
olxemails,,,,,,,,
oneclass,2,3,,,,,,
onedrive,2,2,,,,,,
oneplus,1,17,10,,,,,
oneplusstore,,5,6,,,,,
onlinerti,14,7,,,,,,
opendns,1,1,,,,,,
openreview,3,1,,,,,,
oracle-mail,,18,15,,,,,
orcid,,,,,,,,
oregonstate,,1,,,,,,
orkut,,1,,,,,,1
outernet,3,4,1,,,,,
outlook,,4,,,,,,
overleaf,6,17,18,,,,,
owkin,,7,,,,,,
pagarba,,,,1,,,,
panasonic,2,,,,,,,
papercept,3,2,,,,,,
papersapp,6,2,,,,,,
pathable,4,,,,,,,
payback,4,13,16,,,,,
paybyphone,1,1,,,,,,
paypal,16,40,45,,,,,
paypal-customerfeedback,1,2,,,,,,
paypal-exchanges,,1,2,,,,,
paytm,37,60,72,,,4,,
paytmemail,1,56,59,,,,,
paytmoffers,1,,,,,,,
payu,6,4,,,,,,
payumoney,2,4,,,,,,
payzippy,2,1,,,,,,
pearson,,1,,,,,,
pesquet,,21,,,,,,
peterengland,4,2,5,,,,,
phonepe,19,29,30,,,,,
phpclasses,341,326,,,,,,
piazza,145,104,,,,,,
piazzacareers,11,14,10,,,,,
pinterest,4,51,5,,,,,45
pitchme,1,,,,,,,
pivotaltracker,8,3,,,,,,
pizza,2,1,1,,,,,
plagscan,,,,,,,,
planet,23,9,30,,,,,
platip,3,2,,,,,,
play4free,1,1,,,,,,
plot,3,,,,,,,
policybazaar,3,1,,,,,,
polimi,,1,,,,,,
pophealth,,1,,,,,,
pornhub,,1,1,,,,,
preferred,,1,,,,,,
premiumjobalerts,,3,1,,,,,
prezi,1,,,,,,,
primevideo,2,32,25,,,,,
printfection,3,1,,,1,,,
produitsetservices-laposte,4,1,,,,,,
progressingindia,,11,3,,,,10,
projecteuler,2,2,,,,,,
projectfree,,,,,,,,
proto,,,1,,,,,
psycom,,1,1,,,,,
pub,,1,,,,,,
pvrcinemas,1,55,63,,,,,
pypi,1,,,,,,,
pytorch,39,49,57,,,,,
qemailserver,1,1,,,,,,
qgraph,1,1,,,,,,
qopm6lag,,,,,,,1,
quadkopters,18,23,6,,,,,
quikr,10,8,,,,,,
quora,191,875,102,,,,,975
quoramail,,8,,,,,,10
quorg,,2,,,,,,
rakuten,,,,,,,,
rapidapi,2,15,13,,,,,
razorpay,12,,1,,,,,
rcbazaar,,17,4,,,,,
rcgroups,3,8,9,,,,,
rchobbyaddict,1,,,,,,,
rdio,,1,,,,,,1
readcube,4,3,4,,,,,
readlang,2,,,,,,,
readme,2,,1,,,,,
ready4,1,,2,,,,,
realtimeboard,8,7,2,,,,,
rechargeitnow,2,1,,,,,,
rechargercommandernavigo,1,,,,,,,
reddit,2,1,,,,,,
redditmail,1,,,,,,,
redhat,1,,,,,,,
rediffmail,1,6,,,,,1,
rediffnotifications,3,3,,,,,,
redwolf,1,120,123,,,,,
referhire,5,9,13,,,,,
reglomobile,4,3,,,,,,
remisesetreductions,5,,,,,,,
remotemore,1,,,,,,,
renpho,2,,,,,,,
repositoryhosting,128,63,2,,,,,
research.iiit.ac.in,,3,,,,,,
researchgate,,62,,,,,,124
researchgatemail,,57,,,,,,130
revolut,21,,,,,,,
rit,5,15,4,,,,,
robots.ox.ac.uk,,2,,,,,,
rootwork,,2,,,,,,
royalsundaram,3,4,,,,,,
rs-components,14,52,56,,,,,
ruprr,18,21,1,,,,,
s-hr,4,1,,,,,,
saavn,26,24,,,,,,
saavnletters,,1,,,,,,
saiconference,5,,,,,,,
sailcareers,1,1,,,,,,
saips,,,,,,,,
salesforce,1,1,,,,,,
sampark,36,207,176,,,,,
sbi,181,162,6,,,,,
sc.iiitd.ac.in,,2,,3,,,,
schneider-electric,,28,,,,,,
science-accueil,,4,,,,,,
scientific-direct,,1,1,,,,,
scitevents,6,,,,,,,
sdconnect,,107,107,,,,,
se,,95,,,,,,
securelconnect,1,4,,,,,,
secureserver,1,1,,,,,,
segpay,1,1,,,,,,
sentinel-hub,3,4,,,,,,
server2,,,4,,,,3,
server4you,1,1,,,,,,
service-airfrance,2,,,,,2,,
shakeshack,,,13,,,,,
sharelatex,15,7,,,,,,
shining3d,4,5,4,,,,,
shriramgeneral,3,4,1,,,,,
shriramgi,3,4,,,,,,
shriramtravelinsurance,,,,,,,,
signalprocessingsociety,80,41,91,,,,,
simbla,,1,1,,,,,
sinkback,12,,3,,,,10,
sketch,3,1,,,,,,
sketchup,,,1,,,,,
skillpagesmail,,2,,,,,,
skype,15,26,4,,2,,,2
skywatch,,5,3,,,,,
slack,200,76,6,,,,,
slack-core,3,2,,,,,,
slackhq,2,,,,,,,
smartsheet,,2,2,,,,,
smartystreets,2,2,,,,,,
smtpmailbox,6,8,,,,,,
snapdeals,1,1,,,,,,
snapfish,1,1,,,,,,
socgen,2,,,,,,,
socialalpha,,,,,,,,
softbankrobotics,1,1,,,,,,
softzen,,4,,,,,,
sonyentertainmentnetwork,,2,,,,,,
soundsnap,,,,,,,,
sourced,2,1,,,,,,
speakingtree,17,107,109,,,,,
spgjedu,,,,,,,,
spicejet,1,1,,,,,,
splitwise,53,39,,,,,,
spoj,,,,,,,,
spotify,49,7,,,,,,
springboard,79,81,10,,,,,
stackexchange,,2,,1,,,,
stackoverflow,5,5,,,,,,
stampmail,1,,,,,,,
standupalice,26,,,442,,,,
stanford,6,5,6,,,,,
staqu,,104,,,,,,
state,69,89,45,,,,,
statebankrewardz,17,93,106,,1,,,
steampowered,1,1,,,,,,
stockroom,,1,,,,,,
stonybrook,,1,,,,,,
stripe,2,,,,,,,
studapart,1,3,2,,,,,
student-cs,,8,,2,,,,
student.tarc.edu.my,,2,,,,,,
studiosport,3,,,,,,,
stylusstudio,,1,,,,,,
successfactors,4,2,,,,,,
supelec,,6,,8,,,,
supsi,1,1,,,,,,
surtri,2,1,,,,,,
surveygizmo,3,4,,,,,,
surveymonkey,5,9,3,,,,,
surveymonkeyuser,2,2,,,,,,
surveysitemail,2,1,,,,,,
susestudio,,1,,,,,,
swagshirts99,4,1,,,,,,
swiggy,22,12,8,,20,,,
symless,2,30,25,,,,,
synergy-project,,2,1,,,,,
synlab,1,,,,,,,
synthia-dataset,,1,,,,,,
tagx,,,,3,,,,
takamul,,3,,,,,,
talisman-corporation,1,6,,,,,,
tapchief,,1,,,,,,
tata-sky,6,1,,,,,,
tatadocomo,4,1,1,,,,,
tatasky,,,,,,,,
taxiforsure,3,3,,,,,,
teabox,,1,,,,,,
teamviewer,28,17,,,,,,
techaffinity,,1,,,,,,
techject,1,,,,,,,
technoidentity,,2,,,,,,
technolutions,6,4,5,,,,,
technophilia,5,6,,,,,,
techstars,,4,,,,,,
techstarsassociates,,2,,,,,,
techtud,3,2,,,,,,
telecom-sudparis,,19,,,,,,
telecomlead,1,1,,,,,,
templatemonster,2,1,,,,,,
tenettech,,2,,,,,,
testondemand,,4,,,,,5,
thefork,17,9,,,,,,
thehobbyshop,,1,,,,,,
theshein,30,,10,,,,,
thesignals,1,2,,,,,,
thinkdigit,,1,,,,,,
thomas-earnshaw,,,7,,,,,
thomascook,45,86,108,,,,,
ticket-airfrance,1,1,,,,2,,
tikona,6,4,,,,,,
time4education,2,1,,,,,,
timelesslearntech,1,1,,,,,,
timespoint,3,3,,,,,,
timespoints,11,10,,,,,,
tinder,,,13,,,,,
tnt,5,3,,,1,,,
todoist,4,,,,,,,
toluna,3,,,,,,,
topcoder,242,343,139,,,,,
topresume,4,4,,,,,,
toptalent,14,19,,,,,,
transferwise,56,,,,,,,
travel-makemytrip,6,35,75,,,,,
travel2-makemytrip,,1,4,,,,,
trello,23,17,34,,,,,
trends-temple,,,1,,,,,
tripadvisor,4,18,52,,,,,
truecaller,2,6,3,,,,,
truelancr,,1,,,,,,
trustpilotmail,2,,,,,,,
tti-network,,4,,,,,,
tufinawatches,,4,4,,,,,
tum,,7,,,,,,
turing,2,2,,,,,,
tutorco,,2,,,,,,
twenty19,8,9,2,,,,,
twitter,8,958,19,,,,,1361
typeform,2,,9,,,,,
u-psud,,1,,1,,,,
ua,,1,,,,,,
uab,2,1,,,,,,
ubc,,1,,2,,,,
uber,13,4,10,,,,,
ubigi,,1,6,,,,,
ubuntu,2,2,,,,,,
ucl,,1,,,,,,
udacity,20,287,264,,,,,
ugcmailing,6,2,,,,,,
uir,,2,,,,,,
um,,4,,,,,,
umd,,,,,,,,
umich,16,2,1,,,,,
uni-freiburg,,2,,,,,,
unisys,6,14,6,,,,,
univ-mlv,,5,,,,,,
universalnewz,4,,5,,,,13,
universitadipavia,,1,,,,,,
universite-paris-saclay,,1,,27,,,,
unqiueindia,5,,6,,,,1,
upenn,,2,,,,,,
ups,9,1,,,,,,
upwork,53,9,,,,,,
urekascience,,1,,,,,,
usc,,1,,,,,,
usebackpack,2276,2556,238,,,,,
usgs,7,2,,,,,,
usief,125,36,29,,,,,
ustraveldocs,2,,,,,,,
usu,,4,,,,,,
utrans01,1,,,,,,,
uttyler,6,2,,,,,,
uu,,1,,,,,,
uva,,4,,,,,,
uvpn,2,1,,,,,,
vairdo,,3,2,,,,,
vectormagic,1,1,,,,,,
velvetjobs,23,,1,,,,,
vfsglobal,12,5,,,,,,
vfshelpline,13,6,,,,,,
videoken,,2,,,,,,
vincerowatches,2,15,80,,,,,
virtualtaboo,,1,,,,,,
virtuosos,19,20,,,,,,
visale,8,2,,,,,,
visaops,1,4,,,,,,
visme,1,,4,,,,,
vito,,1,4,,,,,
vodafone,12,17,,,,,,
votenet,2,,,,,,,
vrporn,,1,,,,,,
walkfree,26,37,12,,,,,
waseda,,3,,,,,,
washingtonpost,8,,25,,,,,
way2sms,1,1,,,,,,
wdc.bsnl.co.in,2,2,,,,,,
web-hosting,,1,,,,,,
web-spicejet,,6,10,,,,,
websitetemplatesonline,1,1,,,,,,
wellesley,,1,,,,,,
westnet,,1,,,,,,
wfp,,26,25,,,,,
whatpulse,2,1,,,,,,
wifirst,2,,,,,,,
wimpmail,1,1,,,,,,
windows,,2,3,,,,,
wipro,,1,,,,,,
wisdomjobs,1,,,,,,,
wish,,,1,,,,,
wit,2,,,,,,,
wix,1,1,,,,,,
wloomtzw,,,1,,,,1,
wolfram,3,2,,,,,,
wooe,3,5,,,,,,
wordpress,2,2,,,,,,
workast,5,3,2,,,,,
worldbank,,2,,,,,,
worldsim,,1,,,,,,
wufoo,2,2,,,,,,
xecutehr,,1,,,,,,
xerox,,1,,,,,,
xname,,,,,,,,
xoom,92,46,32,,,,,
xprize,28,24,60,,,,,
xxvl1waz,,,1,,,,1,
yahoo,2,71,,,,,,
yahoo-inc,5,3,,,,,,
yandex,,,,2,,,,
yatra,3,1,,,,1,,
ymail,,2,,,,,,
yocket,1,2,,,,,,
your-freedom,,,,,,,,
youth4work,,2,3,,,,1,
youtube,1,574,,,,,,577
zamzar,,1,,,,,,
zeemaps,1,,2,,,,,
zen-makemytrip,71,,,,,,1,
zen2-makemytrip,3,,,,,,,
zendesk,1,9,1,,,,,
zenysis,,1,,,,,,
zepass,6,3,,,,,,
zero13wireless,3,4,,,,,,
zettaset,,,,2,,,,
zomato,9,2,,,1,,,
zoom,31,3,22,,,,,
zoomcybersense,1,,,,,,,
zoomgroup,34,39,4,,,,,
zooniverse,2,2,,,,,,
zoov,14,,17,,,,,
