org,label,0
000webhost,0,14
000webhost,1,16
000webhost,test_df,16
0adz,1,2
10xrecruit,1,1
10xrecruit,test_df,1
126,1,119
126,3,1
126,test_df,34
163,1,4
163,test_df,2
172758,0,3
172758,1,4
172758,test_df,3
2018,1,38
2018,test_df,10
2checkout,0,1
2shared,0,1
2shared,1,1
365premium,0,3
365premium,1,1
365premium,test_df,4
3digiprints,0,3
3digiprints,1,4
3digiprints,test_df,4
3ding,0,1
3ding,1,9
3ding,test_df,3
3dr,1,1
3dr,2,1
3ds,1,3
60,0,1
60,test_df,1
86282,1,1
86282,test_df,1
BillHowell,0,4
BillHowell,1,2
BillHowell,test_df,3
GoDaddy,0,2
GoDaddy,1,4
GoDaddy,test_df,4
HobbyKing,0,1
HobbyKing,test_df,1
InsideApple,0,8
InsideApple,1,8
InsideApple,2,9
InsideApple,test_df,6
L3Harris,1,1
MachineLearningMastery,0,3
MachineLearningMastery,1,2
MachineLearningMastery,test_df,1
Magento,1,1
Magento,2,1
MakeMyTrip,0,1
Mentor,1,2
Mentor,2,1
Mentor,test_df,3
Neo4j,0,1
Neo4j,test_df,3
Neotechnology,0,1
Neotechnology,1,4
Neotechnology,2,2
Neotechnology,test_df,3
Pennmedicine,1,1
Pennmedicine,test_df,1
STATE,test_df,1
TRM,0,2
TRM,1,1
ZOONIVERSE,0,10
ZOONIVERSE,1,16
ZOONIVERSE,2,1
ZOONIVERSE,3,1
ZOONIVERSE,test_df,10
aaai,0,1
aamaadmiparty,0,110
aamaadmiparty,1,104
aamaadmiparty,test_df,74
academia,0,6
academia,1,7
academia,7,2
academia,test_df,9
academia-mail,0,91
academia-mail,1,71
academia-mail,2,37
academia-mail,7,37
academia-mail,test_df,134
acces-neovote,0,2
acces-neovote,test_df,1
account,0,8
account,1,16
account,test_df,14
account-nvidia,0,2
account-nvidia,1,2
account-nvidia,test_df,2
accountprotection,0,28
accountprotection,1,24
accountprotection,test_df,26
accounts,0,28
accounts,1,238
accounts,2,6
accounts,test_df,102
ace2three,0,1
ace2three,1,2
ace2three,test_df,1
aciek-academy,0,1
acm,0,4
acm,1,1
acm,test_df,1
acmicpc,0,1
acmicpc,1,2
acmicpc,test_df,1
acsir,1,2
acsir,test_df,1
actu-lpfr,0,5
actu-lpfr,2,16
actu-lpfr,test_df,8
adclicxa,test_df,1
addmi,0,1
addmi,test_df,1
adh-assurances,0,1
adm,1,2
admin,0,1
admin,1,2
admin,test_df,3
adobe,1,4
adultfriendfinder,1,1
adultfriendfinder,7,1
adum,0,76
adum,1,1
adum,2,2
adum,test_df,32
aero,0,2
aero,1,1
aero,test_df,1
af3,1,1
af3,test_df,2
afraid,0,3
afraid,1,2
afraid,test_df,1
afwerxchallenge,0,3
afwerxchallenge,2,3
afwerxchallenge,3,5
afwerxchallenge,test_df,2
afwerxfusion,3,2
afwerxfusion,test_df,1
agencenavigo,0,4
agencenavigo,1,1
agencenavigo,2,1
agencenavigo,test_df,5
agencenavigoannuel,0,2
agencenavigoannuel,test_df,1
agents,0,20
agents,1,10
agents,test_df,16
aicte-india,0,12
aicte-india,1,7
aicte-india,test_df,5
airfrance,0,8
airfrance,1,4
airfrance,2,1
airfrance,5,3
airfrance,test_df,3
airindia,0,4
airindia,test_df,2
airpostmail,0,12
airpostmail,1,13
airpostmail,2,3
airpostmail,test_df,10
airserbia,0,3
airserbia,1,1
airserbia,5,2
airserbia,test_df,2
airtable,0,71
airtable,1,60
airtable,2,30
airtable,test_df,79
airtable-2,0,2
airtable-2,1,7
airtable-2,2,17
airtable-2,test_df,11
airtel,0,1
airvistara,1,9
airvistara,2,17
airvistara,test_df,6
alchemyapi,1,1
alchemyapi,test_df,1
alerts,0,6
alerts,1,7
alerts,4,2
alerts,test_df,7
algorithmia,test_df,1
aliexpress,0,6
aliexpress,2,37
aliexpress,test_df,28
allalert,1,1
allalert,6,1
altera,0,13
altera,1,9
altera,test_df,13
alumni,1,1
alumni,3,2
alumni,test_df,1
am,1,2
am,test_df,1
amadeus,0,2
amadeus,1,1
amadeus,5,1
amadeus,test_df,1
amazon,0,459
amazon,1,1391
amazon,2,1083
amazon,4,164
amazon,6,26
amazon,test_df,1286
amdocs,1,5
amdocs,test_df,3
ameli,0,3
ames-it-solutions,0,1
ames-it-solutions,1,3
ames-it-solutions,test_df,2
amnh,1,1
amnh,2,32
amnh,4,1
amnh,test_df,21
ampleclick,1,1
ampleclick,2,1
andromedapublisher,1,1
angel,0,67
angel,1,80
angel,2,106
angel,test_df,107
animalvetsci,1,1
anrt,0,8
anrt,2,6
anrt,test_df,8
aoni,1,3
aoni,test_df,1
api,1,3
api,2,1
api,test_df,4
apiai-a32c4dd4b716,1,3
apiai-a32c4dd4b716,2,1
apiai-a32c4dd4b716,test_df,2
apiai-a7bf10d275b3,0,1
apiai-a7bf10d275b3,1,1
app,0,1
applemusic,1,11
applemusic,2,23
applemusic,test_df,9
applepay,test_df,1
aptech,0,1
aptech,1,1
archive,test_df,2
arrow,7,1
arxiv,test_df,1
arya,0,4
arya,1,20
arya,2,15
arya,test_df,22
aryaemailer,2,2
aryaemailer,test_df,1
asana,0,4
asana,1,3
asana,test_df,4
aspiringmail,0,1
aspiringmail,test_df,1
aspiringminds,0,10
aspiringminds,1,5
aspiringminds,2,4
aspiringminds,test_df,8
astrium-geo,test_df,1
astrospeak,1,1
astrospeak,2,1
asus,0,4
asus,1,2
asusindiapromo,0,2
asusindiapromo,1,2
asuswebstorage,0,10
asuswebstorage,1,18
asuswebstorage,2,20
asuswebstorage,test_df,34
asvspoof,0,2
asvspoof,1,2
asvspoof,3,1
asvspoof,test_df,3
atcoder,0,2
atcoder,1,173
atcoder,test_df,71
atlassian,0,3
atlassian,1,2
atlassian,test_df,3
atmel,0,1
atmel,1,3
atmel,2,1
atmel,test_df,1
audible,0,1
audible,1,3
audible,2,1
audible,test_df,2
autodesk,0,24
autodesk,1,15
autodesk,2,3
autodesk,test_df,21
autodesk360,0,1
autodesk360,1,1
autodesk360,test_df,1
autosmail,0,3
autosmail,2,3
autosmail,test_df,2
avast,0,1
avast,1,1
avast,test_df,2
awidit,1,2
awidit,test_df,2
awseducate,0,7
awseducate,1,10
awseducate,2,15
awseducate,test_df,11
axisbank,0,2
axisbank,1,2
barbeque-nation,0,1
barbeque-nation,1,1
barconlineexam,0,2
barconlineexam,1,2
barconlineexam,test_df,2
battlefield,0,1
battlefield,1,1
bbnl,0,1
bbnl,1,3
bbnl,test_df,2
be,0,5
be,2,2
be,6,5
be,test_df,4
bemyapp,0,1
bemyapp,2,1
bg,1,4
bg,2,5
bg,test_df,3
bigbasket,0,7
bigbasket,1,40
bigbasket,2,45
bigbasket,4,4
bigbasket,test_df,48
binghamton,0,2
binghamton,1,3
binghamton,2,4
binghamton,test_df,3
birthdayfb,0,17
birthdayfb,1,16
birthdayfb,test_df,17
bitbucket,0,6
bitbucket,1,3
bitbucket,test_df,2
bizee,3,3
bizee,test_df,7
blablacar,0,3
blablacar,1,2
blablacar,test_df,2
bluedart,1,1
bluelighthost,1,1
bluemix,0,5
bluemix,1,2
bluemix,test_df,1
bntmailer,1,1
bntmailer,2,1
booking,0,10
booking,1,6
booking,5,1
booking,test_df,5
bookings,0,2
bookings,1,1
bookings,5,1
bookings,test_df,1
bookmyforex,0,3
bookmyforex,1,2
bookmyforex,2,9
bookmyforex,test_df,3
bookmyshow,0,20
bookmyshow,1,12
bookmyshow,2,3
bookmyshow,test_df,16
box8letters,0,17
box8letters,1,10
box8letters,2,3
box8letters,4,2
box8letters,test_df,12
bpest-dijon,2,1
brain,1,5
brain,test_df,1
brandedme,0,2
brandedme,1,2
brandshop,0,6
brandshop,1,5
brandshop,test_df,7
brilliant,0,50
brilliant,1,75
brilliant,2,22
brilliant,test_df,66
bsnl,1,1
bsnl,test_df,1
buffalo,2,2
buffalo,test_df,1
buyforexonline,0,2
buyforexonline,test_df,1
caTechnologies,test_df,1
caisse-epargne,0,10
caisse-epargne,1,3
caisse-epargne,test_df,14
cakewalk,0,1
cakewalk,1,3
cakewalk,2,2
cakewalk,test_df,2
calendly,0,29
calendly,2,2
calendly,test_df,10
caltech,0,1
caltech,1,2
caltech,test_df,5
cambridge-intelligence,0,5
cambridge-intelligence,1,14
cambridge-intelligence,2,10
cambridge-intelligence,test_df,6
cancerimagingarchive,1,2
cancerimagingarchive,test_df,2
capellaspace,1,2
cardekho,0,5
cardekho,1,4
cardekho,test_df,5
cardekholetters,1,1
cardekholetters,2,1
cardekholetters,test_df,2
careerfolio,1,1
careerfolio,test_df,1
careernet,0,1
careernet,1,5
careernet,test_df,2
careers360,0,4
careers360,1,8
careers360,2,4
careers360,test_df,14
carwale,0,1
carwale,test_df,1
catalystcampus,1,6
catalystcampus,3,1
catalystcampus,test_df,3
causesmail,0,3
causesmail,1,6
causesmail,test_df,7
cbica,test_df,2
cbsnewsletter,1,1
cbsnewsletter,2,3
cbsnewsletter,test_df,2
cc,0,2
cc,1,1
cdac,0,1
cdac,1,3
cdac,test_df,2
cdconnect,2,1
cdconnect,test_df,1
ceidf,0,2
ceidf,1,4
ceidf,test_df,3
celestialsoftware,0,1
celestialsoftware,1,1
celestialsoftware,test_df,2
centralesupelec,0,14
centralesupelec,1,637
centralesupelec,3,278
centralesupelec,5,21
centralesupelec,test_df,420
centrepompidou,2,1
centrepompidou,test_df,2
change,0,67
change,1,74
change,test_df,65
chegg,0,1
chegg,1,1
chronopost,0,5
chronopost,1,1
chronopost,test_df,3
cibleicon,0,1
cibleicon,2,1
cibleicon,test_df,1
cinemasgaumontpathe,0,4
cinemasgaumontpathe,1,2
cinemasgaumontpathe,test_df,3
cinemaspathegaumont,0,2
cinemaspathegaumont,1,1
cinemax,0,3
cinemax,1,2
cinemax,test_df,1
cisco,0,1
cisco,1,1
citruspay,0,4
citruspay,1,1
citruspay,test_df,4
cityscapes-dataset,0,1
cityscapes-dataset,1,3
cityscapes-dataset,test_df,2
ciudad,1,1
class,0,1
class,test_df,1
classroom,0,44
classroom,1,22
classroom,test_df,30
cleartrip,1,6
cleartrip,2,15
cleartrip,test_df,6
clerky,0,3
clippingmagic,test_df,2
cloud,test_df,1
cloud9,0,1
cloud9,1,1
cloud9,test_df,1
cloudHQ,0,2
cloudHQ,1,5
cloudHQ,test_df,3
cloudbees,2,1
cloudbees,test_df,2
cloudflare,test_df,2
cloudhq,0,1
cloudhq,1,2
cloudlinux,1,1
cloudns,0,14
cloudns,1,18
cloudns,2,2
cloudns,test_df,17
clubvistara,0,2
clubvistara,1,5
clubvistara,2,6
clubvistara,test_df,5
cmrjournal,1,1
cmrjournal,test_df,1
cmsworkshops,0,9
cmsworkshops,1,4
cmsworkshops,test_df,8
cnvs,1,1
cnvs,test_df,3
cocubes,0,87
cocubes,1,57
cocubes,test_df,49
codalab,0,37
codalab,1,22
codalab,test_df,31
codeanywhere,0,9
codeanywhere,1,4
codeanywhere,2,3
codeanywhere,test_df,5
codebreak,0,1
codebreak,1,1
codecademy,0,19
codecademy,1,49
codecademy,2,28
codecademy,test_df,32
codechef,0,77
codechef,1,73
codechef,2,1
codechef,test_df,59
codefactor,0,1
codefactor,1,1
codefactor,test_df,1
codeproject,0,1
codeproject,1,1
codeschool,1,43
codeschool,2,41
codeschool,test_df,30
codeship,0,8
codeship,1,12
codeship,test_df,10
collegeprachaar,0,2
collegeprachaar,1,2
collegeprachaar,test_df,2
colorado,0,1
colorado,1,2
colorado,2,2
colorado,test_df,5
com-lpfr,2,1
comet,0,14
comet,1,2
comet,2,10
comet,test_df,8
comet-mail,2,4
comet-mail,test_df,4
cometml,0,2
cometml,1,1
cometml,test_df,1
comma,1,1
comma,2,1
comma,test_df,1
commtrends,0,2
commtrends,1,1
commtrends,test_df,1
communication,0,1
communication,1,4
communication,2,4
communication,test_df,2
compbuzz,1,1
compbuzz,test_df,1
computer,2,3
computer,test_df,1
congres-vert,test_df,1
connect,0,3
connect,1,13
connect,2,23
connect,test_df,15
connect-passengers,0,1
connect-passengers,5,2
connect-passengers,test_df,1
connectedphotos,0,2
connectedphotos,test_df,1
connectifyme,0,4
connectifyme,1,6
connectifyme,test_df,10
consumer-live,0,1
contact,2,5
contact-adh-assurances,2,2
contact-adh-assurances,test_df,3
copernicus,0,6
copernicus,1,2
copernicus,test_df,1
coronainsights,0,1
coronainsights,1,1
coronainsights,test_df,1
coupondunia,1,42
coupondunia,2,39
coupondunia,test_df,31
coursera,0,361
coursera,1,359
coursera,test_df,329
crazydomains,0,45
crazydomains,1,77
crazydomains,2,20
crazydomains,4,1
crazydomains,test_df,65
create,test_df,2
creately,0,1
creately,2,2
creately,test_df,2
creativedestructionlab,0,1
creativedestructionlab,1,8
creativedestructionlab,test_df,2
crimson,1,1
critical,1,1
critical,test_df,1
crm,0,23
crm,1,114
crm,2,81
crm,test_df,94
cromaretail,1,1
cromaretail,2,6
crosshairscommunication,test_df,1
crous-versailles,0,9
crous-versailles,1,44
crous-versailles,test_df,24
crowdai,0,7
crowdai,1,4
crowdai,2,6
crowdai,test_df,5
crowdcast,0,1
crowdcast,test_df,1
crowdfightcovid19,0,19
crowdfightcovid19,test_df,9
cs,0,3
cs,1,9
cs,2,6
cs,test_df,7
cse,1,24
cse,test_df,8
cseindia,0,8
cseindia,1,1
cseindia,2,3
cseindia,test_df,5
csphclrectt14,1,1
custcomm,1,1
custcomm,2,1
custcomm,test_df,1
customer,0,8
customer,5,6
customer,test_df,11
cvc,0,2
cvc,1,1
cvc,test_df,2
dailyspeak,0,4
dailyspeak,1,15
dailyspeak,2,12
dailyspeak,test_df,17
databolt,test_df,1
datacamp,0,3
datacamp,1,43
datacamp,2,43
datacamp,test_df,41
dataquest,0,1
dataquest,1,1
dataquest-0740d8e6e13d,0,3
dataquest-0740d8e6e13d,1,8
dataquest-0740d8e6e13d,2,4
dataquest-0740d8e6e13d,test_df,3
dcoder,0,1
dcoder,1,1
dcoder,2,1
ddunationalseminarsc,1,7
ddunationalseminarsc,test_df,1
deeplearning,0,56
deeplearning,1,12
deeplearning,2,25
deeplearning,test_df,37
delhi,0,3
delhi,1,1
delhi,test_df,2
deliver,0,54
deliver,1,1
deliver,2,24
deliver,test_df,29
design,0,1
design,1,1
developers,2,1
dexterousdigitech,0,35
dexterousdigitech,1,4
dexterousdigitech,2,21
dexterousdigitech,test_df,26
dfxinfo,0,1
dfxinfo,test_df,1
dfxnews,0,4
dfxnews,1,3
dfxnews,test_df,5
dgfip,0,3
dgfip,test_df,3
dhingana,0,13
dhingana,1,14
dhingana,test_df,9
dhl,0,1
dhl,4,2
dhl,test_df,1
dhruvkumarjha,3,2
dialogflow,0,2
dialogflow,1,3
dialogflow,test_df,1
digital,0,11
digital,1,11
digital,2,1
digital,test_df,3
digitalglobe,1,1
digitalglobe,test_df,2
digitalglobe-platform,0,3
digitalglobe-platform,1,3
digitalglobe-platform,2,2
digitalglobe-platform,test_df,4
diguy,0,1
diguy,1,1
diplomatie,1,1
directvote,0,3
directvote,test_df,1
discuss,0,39
discuss,1,49
discuss,2,57
discuss,test_df,59
diu,1,3
diu,test_df,1
diux,0,12
diux,1,7
diux,2,3
diux,test_df,8
divx,1,1
divx,2,1
divx-newsletters,1,1
divx-newsletters,test_df,1
diydrones,0,3
diydrones,1,2
diydrones,2,2
diydrones,test_df,2
dmrc,0,2
dmrc,1,2
dmrc,test_df,4
docker,0,3
docker,1,3
docker,2,10
docker,test_df,10
docs,0,4
docs,1,3
docs,test_df,2
dominos,0,11
dominos,1,8
dominos,test_df,9
dominosmails,0,2
dominosmails,1,2
dominosmails,test_df,2
donate,1,26
donate,2,25
donate,test_df,37
doodle,0,42
doodle,1,22
doodle,test_df,24
doselect,0,1
doselect,1,1
doselect,test_df,1
drivendata,0,1
dropbox,0,66
dropbox,1,28
dropbox,2,6
dropbox,test_df,57
dropboxmail,0,47
dropboxmail,1,22
dropboxmail,2,2
dropboxmail,test_df,52
dtdc,0,4
dtdc,1,2
dtu,1,15
dtu,test_df,7
duolingo,0,217
duolingo,1,107
duolingo,2,29
duolingo,test_df,135
dvc,0,1
dyn,0,1
dyn,1,1
e,0,36
e,1,167
e,2,89
e,7,124
e,test_df,148
e-mail,0,89
e-mail,1,83
e-mail,2,13
e-mail,test_df,82
easychair,0,15
easychair,1,42
easychair,test_df,25
ebay,0,18
ebay,1,20
ebay,2,1
ebay,4,2
ebay,test_df,23
ebs,0,2
ebs,1,1
ebs,test_df,1
economictimes,0,1
economictimes,test_df,1
economictimesonline,test_df,1
ecp,1,44
ecp,3,12
ecp,test_df,16
ed,0,1
ed,1,1
edc,0,1
edc,test_df,1
edm,0,69
edm,1,63
edm,2,8
edm,test_df,52
educationation,0,10
educationation,1,3
educationation,test_df,13
edx,0,25
edx,1,102
edx,2,74
edx,test_df,69
ee,1,2
eer,0,5
eer,1,1
eer,test_df,3
eesmail,0,3
eezyrent,0,7
eezyrent,1,6
eezyrent,test_df,3
eic9u377u1v5po,2,1
eic9u377u1v5po,6,1
einsteinathome,0,1
einsteinathome,1,1
elastichosts,1,1
elastichosts,test_df,1
elitmus,1,1
elitmus,test_df,1
elitmusmail,0,3
elitmusmail,1,6
elitmusmail,test_df,5
elsevier,0,3
elsevierhealth,0,1
elxer,0,1
elxer,1,2
em,0,4
em,1,14
em,2,17
em,test_df,14
email,0,134
email,1,152
email,2,75
email,4,26
email,test_df,160
email-marriott,0,18
email-marriott,2,2
email-marriott,test_df,16
email-support,0,2
email-support,test_df,1
email1,1,1
email1,test_df,1
emailer,1,13
emailer,2,15
emailer,test_df,14
emails,0,35
emails,1,35
emails,2,20
emails,7,1
emails,test_df,34
emm,1,5
emm,2,1
emm,test_df,6
eng,1,5
eng,test_df,1
engage,1,3
engage,2,3
engage,test_df,5
enotice,test_df,2
ens,test_df,1
entertainment,0,32
entertainment,1,48
entertainment,2,44
entertainment,test_df,55
enti,0,1
enti,1,1
enti,test_df,1
entropay,0,30
entropay,1,28
entropay,test_df,20
eos,0,57
eos,1,1
eos,test_df,20
epfl,1,2
epic,1,1
epoch,1,1
epoch,test_df,1
equitywatch,0,2
equitywatch,3,1
equitywatch,test_df,2
esa,0,3
esa,1,1
esa,test_df,2
eservices-laposte,0,2
eservices-laposte,test_df,3
et,1,1
et,2,5
et,test_df,4
etihad,0,2
etihad,1,3
etihad,test_df,1
ettus,1,2
eudyptula-challenge,0,3
eudyptula-challenge,1,3
eudyptula-challenge,test_df,5
evelynlearning,1,4
eventbrite,0,6
eventbrite,1,5
eventbrite,test_df,1
evernote,0,13
evernote,1,6
evernote,test_df,8
examCrazy,0,1
examCrazy,1,2
examCrazy,test_df,1
example,0,2
example,1,1
exosaero,test_df,1
expertrating,1,1
expertrating,test_df,1
explore,1,9
explore,2,2
explore,7,6
explore,test_df,9
express,0,1
external,0,1
external,test_df,3
f-career,1,1
f6s,0,13
f6s,1,1
f6s,test_df,7
faasos,0,1
faasos,1,3
faasos,4,1
faasos,test_df,4
fabhotels,test_df,1
facebookappmail,0,11
facebookappmail,1,10
facebookappmail,test_df,11
facebookmail,0,1
facebookmail,1,141
facebookmail,7,64
facebookmail,test_df,93
factset,1,2
factset,test_df,2
fccashback,1,2
fccashback,2,2
fccashback,test_df,2
fedex,0,1
fedex,1,1
fedex,test_df,1
filestack,0,1
filestack,2,2
filestack,test_df,5
flashrecruit,0,3
flashrecruit,6,1
flashrecruit,test_df,2
flat,1,2
flat,2,3
flat,test_df,1
flexy,0,2
flexy,test_df,2
flickr,1,1
flickr,test_df,3
flipkart,0,56
flipkart,1,56
flipkart,2,2
flipkart,4,32
flipkart,test_df,67
flipkartletters,1,312
flipkartletters,2,329
flipkartletters,test_df,276
flipkartmail,1,12
flipkartmail,2,13
flipkartmail,test_df,13
flipkartpromotions,0,2
flipkartpromotions,1,4
flipkartpromotions,2,1
flipkartpromotions,test_df,5
fnac,0,13
fnac,2,74
fnac,4,3
fnac,test_df,33
foodie,1,1
foodie,2,1
fortinet,0,1
fortinet,test_df,2
fossa,test_df,1
fotor,1,2
fotor,test_df,2
foursquare,1,2
foursquare,2,3
foursquare,7,1
foursquare,test_df,4
foxmail,2,1
france-visas,0,6
france-visas,1,2
franceconnect,0,3
franceconnect,test_df,5
franz,0,3
franz,1,3
franz,test_df,2
fraport,0,2
fraport,1,1
freecharge,0,1
freecharge,1,1
freecharge,test_df,2
freecharge-offers,0,2
freecharge-offers,1,2
freedns,1,1
freedns,test_df,1
freedomrewardz,0,3
freedomrewardz,1,3
freedomrewardz,test_df,2
freekacharge,0,1
freekacharge,1,1
freelancer,0,21
freelancer,1,29
freelancer,test_df,22
freepik-mail,2,27
freepik-mail,test_df,9
freshdesk,0,6
freshdesk,1,15
freshdesk,test_df,13
freshersworld,0,127
freshersworld,1,122
freshersworld,test_df,111
freshworks,0,2
freshworks,1,5
freshworks,2,4
freshworks,test_df,1
fsmp,1,2
fsmp,test_df,1
fun-campus,0,3
fun-campus,test_df,1
funaster,1,2
funaster,2,2
gaana,0,2
gaana,1,1
gaana,test_df,1
gaanainfo,0,6
gaanainfo,1,6
gaanainfo,test_df,6
gaanamail,0,20
gaanamail,1,17
gaanamail,test_df,17
gate,0,5
gate,1,3
gate,test_df,4
gc,0,5
gc,1,4
gc,test_df,5
geeksforgeeks,0,1
geeksforgeeks,1,5
geeksforgeeks,2,1
geeksforgeeks,test_df,5
geeps,1,1
geeps,3,1
geeps,test_df,7
geniecabs,1,1
geniecabs,test_df,1
getcu3er,0,3
getcu3er,1,1
getcu3er,test_df,2
getflow,2,2
getpostman,0,3
getpostman,1,13
getpostman,2,12
getpostman,test_df,12
github,0,231
github,1,222
github,3,761
github,test_df,556
gitlab,0,3
gitlab,1,2
glassdoor,0,93
glassdoor,1,107
glassdoor,2,11
glassdoor,test_df,75
gleam,0,1
gleam,1,1
gleam,test_df,1
gliffy,0,2
gliffy,1,2
globalfashion,1,1
globalfashion,test_df,1
globalhealth5050,1,4
globalhealth5050,test_df,1
gmail,0,114
gmail,1,1073
gmail,2,9
gmail,3,76
gmail,5,3
gmail,6,5
gmail,test_df,589
go,0,7
go,1,11
go,2,16
go,test_df,16
godaddy,0,10
godaddy,1,12
godaddy,test_df,4
goindigo,0,12
goindigo,1,1
goindigo,5,3
goindigo,test_df,5
google,0,2941
google,1,927
google,2,13
google,4,9
google,test_df,1634
googlegroups,0,1
googlegroups,1,12
googlegroups,3,5
googlegroups,test_df,12
googlemail,1,20
googlemail,test_df,5
gotinder,0,5
gotinder,1,2
gotinder,2,2
gotinder,test_df,3
gotowebinar,0,4
gotowebinar,1,3
gotowebinar,test_df,1
govivace,1,1
govivace,test_df,1
gr31,6,1
gr31,test_df,1
grabhouse,0,2
grabhouse,1,2
granular,0,15
granular,1,415
granular,2,1
granular,3,135
granular,test_df,264
graymatics,1,7
graymatics,test_df,3
grillorfry,0,6
grillorfry,6,3
grillorfry,test_df,5
groupiop,0,1
groupiop,test_df,3
gskpurchase,1,1
guide2research,0,5
guide2research,test_df,3
hackerearth,0,151
hackerearth,1,185
hackerearth,2,75
hackerearth,test_df,181
hackerearthmailers,0,1
hackerearthmailers,1,1
hackerrank,0,114
hackerrank,1,152
hackerrank,2,9
hackerrank,test_df,114
hackerrankforwork,0,4
hackerrankforwork,1,1
hackerrankforwork,test_df,2
hackerrankmail,0,133
hackerrankmail,1,127
hackerrankmail,2,1
hackerrankmail,test_df,111
happnmail,0,1
happnmail,test_df,2
hasteroc,0,1
hasteroc,test_df,1
healthconnect,0,4
healthconnect,2,4
healthconnect,test_df,1
healthie,2,1
healthie,test_df,1
heroku,0,4
heroku,1,7
heroku,test_df,3
hindustancopper,0,1
hindustancopper,1,1
hknu,1,1
hobbyking,0,1
hobbyking,1,3
hobbyking,test_df,2
hobsons,0,1
hobsons,1,1
hobsons,test_df,1
holidayiq,0,1
horosproject,2,7
horosproject,test_df,4
hotmail,1,20
hotmail,3,7
hotmail,test_df,7
housing-mailer,0,1
housing-mailer,1,1
htc,0,1
htc,1,35
htc,2,36
htc,test_df,32
htcdev,0,2
htcdev,1,3
htcdev,test_df,1
hulumail,0,3
hybridwares,1,1
hybridwares,test_df,1
hyperspacechallenge,0,1
hyperspacechallenge,1,13
hyperspacechallenge,2,4
hyperspacechallenge,test_df,8
i,1,1
i,test_df,1
i-register,0,1
i-register,1,1
i-register,test_df,2
iadvize,0,1
ibest,1,1
ibest,test_df,1
icicilombard,2,1
icicilombard,test_df,1
icloud,1,4
icloud,test_df,2
icloudhosting,0,1
icloudhosting,1,1
icloudhosting,test_df,2
id,0,15
id,1,9
id,test_df,10
idf,0,33
idf,1,11
idf,test_df,19
ieee,0,193
ieee,1,111
ieee,2,77
ieee,test_df,148
ieee-collabratec,0,35
ieee-collabratec,1,1
ieee-collabratec,2,1
ieee-collabratec,6,17
ieee-collabratec,test_df,33
ieeer8,0,1
ifpen,1,1
ig,1,1
ig,test_df,1
iheartdogs,0,1
iheartdogs,test_df,1
iheartdogs-email,1,53
iheartdogs-email,2,51
iheartdogs-email,test_df,48
iiitb,0,2
iiitb,1,3
iiitb,test_df,2
iiitd,0,126
iiitd,1,11092
iiitd,2,11
iiitd,3,8697
iiitd,4,8
iiitd,5,9
iiitd,test_df,8573
iist,0,1
iist,1,1
iit,0,1
iit,1,1
iit,test_df,1
iitd,1,33
iitd,test_df,17
iith,1,6
iith,test_df,4
iitj,1,1
iitj,test_df,1
iitk,0,2
iitk,1,4
iitk,test_df,2
iitkgp,1,1
iitkgp,test_df,1
iitm,0,2
iitm,1,2
iitm,test_df,1
iitp,test_df,1
iitrpr,0,2
iitrpr,1,5
iitrpr,test_df,2
ijotam,1,1
ijsspe,test_df,1
iledefrance-mobilites,0,1
iledefrance-mobilites,2,1
ilogo,0,2
ilogo,1,1
ilogo,test_df,1
image-net,1,5
image-net,test_df,2
imagekit,1,2
imagekit,test_df,2
imaginecup,0,5
imaginecup,1,8
imaginecup,test_df,3
imdb,0,2
imdb,1,40
imdb,2,98
imdb,test_df,52
imindmap,0,1
imindmap,2,2
imindmap,test_df,3
impactathon,0,2
impactathon,1,2
impactathon,test_df,1
impartus,0,3
impartus,1,1
impartus,test_df,2
impetus,1,6
impetus,test_df,2
in,0,11
in,1,101
in,3,1
in,test_df,47
incontrolproductions,0,26
incontrolproductions,1,15
incontrolproductions,test_df,13
indeed,0,4
indeed,1,2
indeed,test_df,2
indeedemail,1,1
indeedemail,test_df,2
indianoil,1,2
indiatimes,0,11
indiatimes,1,101
indiatimes,2,101
indiatimes,6,10
indiatimes,test_df,93
indigo-trends,2,1
info,0,6
info,1,34
info,2,102
info,test_df,56
infoaxe,0,1
infoaxe,1,1
infoaxe,test_df,4
infos-airfrance,0,3
infos-airfrance,1,1
infosys,0,1
infosys,1,2
infosys,test_df,1
innerchef,1,55
innerchef,2,53
innerchef,test_df,42
innovaccer,0,1
innovaccer,2,1
innovaccer,test_df,1
inox,0,3
inox,1,3
inoxmovies,1,34
inoxmovies,2,30
inoxmovies,test_df,40
inria,1,43
inria,3,35
inria,test_df,21
insideapple,0,8
insideapple,1,1
insideapple,2,23
insideapple,test_df,19
insure,1,2
insure,2,3
insure,test_df,1
internationaldriversassociation,0,1
internations,0,3
internations,1,20
internations,2,3
internations,7,30
internations,test_df,24
interviewbit,0,14
interviewbit,1,9
interviewbit,2,1
interviewbit,test_df,5
interviewstreet,0,1
interviewstreet,1,1
intetics,1,1
intetics,3,9
intetics,test_df,2
intl,0,11
intl,1,9
intl,test_df,10
invite,0,1
invite,1,8
invite,7,10
invite,test_df,14
iqcabbbia1svx4,2,1
iqcabbbia1svx4,6,1
irctc,0,14
irctc,1,13
irctc,2,24
irctc,6,1
irctc,test_df,17
is,1,2
isi,1,4
isical,0,1
isical,1,4
isical,test_df,1
itunes,0,2
itunes,1,1
ivcmr,0,1
ixigo,0,3
ixigo,test_df,3
izly,0,4
izly,1,2
izly,test_df,1
jadavpuruniversity,1,1
jeevansathi,0,2
jeevansathi,1,2
jiit,1,3
jiit,test_df,1
jmlr,0,1
jmlr,1,1
join,0,1
join,1,1
join,test_df,1
joinux,0,1
joinux,1,1
joinux,test_df,1
joytunes,0,11
joytunes,1,2
joytunes,2,1
joytunes,test_df,4
jsrt,test_df,1
justdial,1,2
justdial,test_df,2
kaggle,0,126
kaggle,1,136
kaggle,2,71
kaggle,test_df,128
kdc9otdk91qkqg,6,1
kdc9otdk91qkqg,test_df,1
khanacademy,0,39
khanacademy,1,60
khanacademy,2,10
khanacademy,test_df,35
kivuto,0,1
kivuto,1,1
kivuto,test_df,1
klarkwrist,0,1
klarkwrist,1,1
klm,0,1
kotak,0,2
kotak,6,1
kotak,test_df,3
ktj,0,25
ktj,1,18
ktj,test_df,15
l2s,1,5
l2s,test_df,2
lama-app,0,2
lama-app,1,1
landing,2,1
layoutit,0,1
layoutit,1,3
layoutit,2,1
layoutit,test_df,2
leanpub,0,1
leanpub,1,2
leanpub,test_df,1
learnml,0,1
legal,1,1
legal,test_df,1
libero,1,1
libre,1,1
limnu,1,2
limnu,2,7
limnu,test_df,5
linkedin,0,43
linkedin,1,910
linkedin,2,4
linkedin,7,1414
linkedin,test_df,1025
lirmm,1,6
lirmm,test_df,1
list,0,1
list,1,2
list,test_df,1
live,1,1
localcirclesmail,0,22
localcirclesmail,1,15
localcirclesmail,6,12
localcirclesmail,test_df,13
localhost,1,2
logaster,0,1
logaster,1,2
logaster,test_df,1
longcapture,1,1
lookout,0,1
lookout,1,1
lri,0,1
lri,1,3
lss,1,2
lss,3,3
lss,test_df,3
lucifro,0,1
lucifro,1,2
lucifro,test_df,1
m,0,67
m,1,132
m,2,58
m,test_df,113
m2i,0,3
m2i,1,2
m2i,test_df,3
madeeasy,0,1
madeeasy,1,1
madeeasy,test_df,2
magento,0,8
magento,1,62
magento,2,53
magento,test_df,55
magnemit,2,1
magnemit,test_df,1
magoosh,0,1
magoosh,1,7
magoosh,2,14
magoosh,test_df,14
mail,0,43
mail,1,141
mail,2,154
mail,4,1
mail,6,4
mail,7,98
mail,test_df,182
mail1,0,1
mail1,test_df,2
mailclues,1,1
mailclues,test_df,1
mailer,0,146
mailer,1,171
mailer,2,330
mailer,7,2
mailer,test_df,292
mailer1,0,19
mailer1,1,1
mailer1,test_df,12
mailers,0,9
mailers,1,1
mailers,test_df,6
mailing,0,6
mailing,1,6
mailing,test_df,2
maillist,1,6
maillist,3,8
maillist,test_df,8
mails,0,9
mails,1,36
mails,2,82
mails,test_df,55
mak,0,4
mak,1,14
mak,2,10
mak,test_df,10
makemytrip,0,40
makemytrip,1,25
makemytrip,5,33
makemytrip,test_df,51
makemytripmails,0,3
makemytripmails,1,6
makemytripmails,2,2
makemytripmails,test_df,3
man-pasand,2,1
man-pasand,6,1
mansys,3,6
mansys,test_df,1
manuscriptcentral,0,14
manuscriptcentral,1,6
manuscriptcentral,test_df,11
mapbox,0,1
mapbox,1,44
mapbox,2,50
mapbox,test_df,35
maptive,0,4
maptive,1,2
maptive,2,2
maptive,test_df,4
marketing,0,17
marketing,1,54
marketing,2,96
marketing,test_df,72
marketmetrics,0,2
marketmetrics,6,2
marketplace,0,6
marketplace,1,8
marketplace,test_df,2
marmalademail,0,4
marmalademail,1,6
marmalademail,2,3
marmalademail,test_df,1
maruti,1,2
maruti,test_df,2
mashape,0,4
mashape,1,3
mashape,2,1
mashape,test_df,4
mathworks,0,3
mathworks,1,2
mathworks,2,1
mathworks,test_df,1
maxar,0,1
maxar,1,3
maxar,2,15
maxar,test_df,9
mb,2,1
mb,test_df,1
mbajunction,0,3
mbajunction,1,7
mbajunction,test_df,8
mc,1,5
mc,6,4
mc,test_df,1
mea,0,1
mech,1,8
mech,test_df,2
media,0,2
media,1,10
media,2,20
media,test_df,14
medimanage,0,2
medimanage,1,1
medimanage,test_df,1
medium,0,371
medium,1,194
medium,2,94
medium,test_df,278
meeshkan,0,1
mega,0,1
mega,1,1
mega,test_df,1
mellonlabs,1,1
members,1,1
menara,1,3
menara,6,4
menara,test_df,1
mentor,0,3
mentor,1,152
mentor,2,144
mentor,test_df,115
messages,0,74
messages,1,39
messages,2,32
messages,test_df,64
metaspectral,3,1
metaspectral,test_df,1
microsoft,0,7
microsoft,1,12
microsoft,test_df,8
minglebox,0,1
minglebox,1,1
miro,0,1
mit,1,1
mitacs,0,1
mitacs,1,2
mitacs,test_df,1
mixmax,1,1
mktg,0,1
mktg,2,5
mktg,test_df,2
mobikwik,0,1
mobikwik,test_df,1
moneygram,0,1
moneygram,1,1
moneygram,test_df,1
mongodb,0,3
mongodb,2,11
mongodb,test_df,3
monsterindia,0,36
monsterindia,1,44
monsterindia,2,8
monsterindia,test_df,44
moqups,test_df,2
mp1,0,4
mp1,1,16
mp1,2,50
mp1,test_df,39
mpi-inf,1,23
mpi-inf,5,2
mpi-inf,test_df,15
mpi-klsb,1,2
mpi-sb,0,2
mpi-sb,1,1
msr-cmt,0,38
msr-cmt,1,15
msr-cmt,2,2
msr-cmt,test_df,31
mu-sigma,0,2
mu-sigma,1,2
mu-sigma,test_df,1
murraystate,0,1
murraystate,1,1
murraystate,2,1
mx2,0,3
mx2,1,1
mx2,test_df,2
myamcat,0,1
myamcat,1,1
mycalendarmail,0,2
mycalendarmail,1,1
mycalendarmail,test_df,3
myntra,0,14
myntra,1,11
myntra,test_df,14
myopportunity,1,1
myopportunity,2,3
mysliderule,0,8
mysliderule,1,11
mysliderule,test_df,5
mysql,0,1
mysql,1,1
myworkday,0,5
myworkday,1,3
myworkday,test_df,4
myynmail,0,1
myynmail,6,1
myynmail,test_df,2
myzapak,0,2
myzapak,1,2
naaptoldeals,1,18
naaptoldeals,2,17
naaptoldeals,test_df,15
naaptoldealz,2,1
naaptoldealz,test_df,1
namomail,0,2
namomail,test_df,2
national,0,2
national,1,1
national,2,4
national,test_df,2
nature,test_df,1
naukri,1,1
naylormarketing,1,2
naylormarketing,2,6
naylormarketing,test_df,3
ncb,0,16
ncb,2,27
ncb,test_df,18
ncp,0,15
ncp,2,23
ncp,test_df,9
ndtvecommerce,1,30
ndtvecommerce,2,26
ndtvecommerce,test_df,26
nedm,0,20
nedm,1,30
nedm,2,13
nedm,test_df,15
neo4j,0,1
neo4j,1,19
neo4j,2,22
neo4j,test_df,14
neotechnology,0,1
neotechnology,1,6
neotechnology,2,2
neotechnology,test_df,7
neptune,0,17
neptune,1,5
neptune,2,7
neptune,test_df,5
new,1,15
new,2,29
new,test_df,16
news,0,7
news,1,162
news,2,153
news,test_df,153
newsgram,1,25
newsgram,2,33
newsgram,test_df,25
newsletter,0,39
newsletter,1,118
newsletter,2,110
newsletter,4,20
newsletter,test_df,133
ni,0,5
ni,1,6
ni,2,7
ni,test_df,12
nic,0,2
nic,1,6
nic,test_df,6
nist,1,2
nitkkr,1,3
nitkkr,test_df,2
nitropdf,0,2
nitropdf,1,2
nitrr,1,6
nitrr,test_df,3
no-ip,0,2
no-ip,1,6
no-ip,test_df,5
nobroker,0,6
nobroker,1,6
nobroker,test_df,6
nobrokerletters,2,1
nobrokerletters,test_df,1
noip,1,1
non,1,32
non,test_df,15
nordaccount,0,1
notice,0,2
notice,2,2
notice,test_df,1
notification,0,9
notification,test_df,3
notifications,0,93
notifications,1,121
notifications,2,3
notifications,7,28
notifications,test_df,104
notify,0,5
notify,test_df,4
nptel,0,19
nptel,1,14
nptel,3,15
nptel,test_df,21
nrsc,0,409
nrsc,1,711
nrsc,test_df,483
nsit,1,18
nsit,test_df,10
nullshot,0,6
nullshot,6,5
nullshot,test_df,1
nvidia,0,116
nvidia,1,177
nvidia,2,226
nvidia,test_df,205
nvidiadeveloper,0,9
nvidiadeveloper,1,4
nvidiadeveloper,test_df,10
nyu,1,1
olacabs,0,238
olacabs,1,50
olacabs,2,1
olacabs,test_df,108
olamoney,0,18
olamoney,1,2
olamoney,2,1
olamoney,test_df,11
olx,0,6
olx,1,6
olx,test_df,4
olxemails,test_df,2
one,0,2
one,1,1
one,test_df,3
oneclass,0,2
oneclass,1,3
oneclass,test_df,3
oneplus,0,1
oneplus,1,17
oneplus,2,9
oneplus,test_df,11
oneplusstore,1,5
oneplusstore,2,6
oneplusstore,test_df,9
onlinerti,0,14
onlinerti,1,7
onlinerti,test_df,9
opendns,0,1
opendns,1,1
opendns,test_df,2
openreview,0,3
openreview,1,1
openreview,test_df,4
oracle-mail,1,18
oracle-mail,2,15
oracle-mail,test_df,19
orders,0,5
orders,1,3
orders,4,8
orders,test_df,8
oregonstate,1,1
org_unknown,0,1477
org_unknown,1,1697
org_unknown,2,17
org_unknown,3,167
org_unknown,4,48
org_unknown,5,44
org_unknown,6,1
org_unknown,test_df,1536
outernet,0,3
outernet,1,4
outernet,2,1
outernet,test_df,2
outlook,1,4
outlook,test_df,2
overleaf,0,6
overleaf,1,17
overleaf,2,18
overleaf,test_df,21
owkin,1,7
owkin,test_df,6
pagarba,3,1
panasonic,0,2
panasonic,test_df,3
papercept,0,3
papercept,1,2
papercept,test_df,1
papersapp,0,6
papersapp,1,2
papersapp,test_df,4
pathable,0,4
paybyphone,0,1
paybyphone,1,1
paypal,0,1
paypal,1,1
paypal-customerfeedback,0,1
paypal-customerfeedback,1,2
paypal-customerfeedback,test_df,1
paypal-exchanges,1,1
paypal-exchanges,2,2
paypal-exchanges,test_df,5
paytm,0,35
paytm,1,28
paytm,5,4
paytm,test_df,23
paytmemail,0,1
paytmemail,1,56
paytmemail,2,59
paytmemail,test_df,44
paytmoffers,0,1
paytmoffers,test_df,1
payu,0,6
payu,1,4
payu,test_df,2
payumoney,0,2
payumoney,1,4
payumoney,test_df,2
payzippy,0,2
payzippy,1,1
payzippy,test_df,1
pbmail,1,4
pbmail,2,6
pbmail,test_df,5
pbmails,0,1
pbmails,1,1
pbmails,test_df,2
pearson,1,1
pennmedicine,1,1
pesquet,1,21
pesquet,test_df,8
peterengland,0,3
peterengland,1,2
peterengland,test_df,1
phonepe,0,19
phonepe,1,29
phonepe,2,30
phonepe,test_df,27
phpclasses,0,341
phpclasses,1,326
phpclasses,test_df,291
piazza,0,145
piazza,1,104
piazza,test_df,117
piazzacareers,0,11
piazzacareers,1,14
piazzacareers,2,10
piazzacareers,test_df,16
pinterest,1,9
pinterest,7,12
pinterest,test_df,15
pitchme,0,1
pivotaltracker,0,8
pivotaltracker,1,3
pivotaltracker,test_df,10
pizza,0,2
pizza,1,1
pizza,2,1
plagscan,test_df,2
planet,0,23
planet,1,9
planet,2,30
planet,test_df,19
platip,0,3
platip,1,2
platip,test_df,1
plot,0,3
plot,test_df,3
plus,0,3
plus,1,47
plus,7,43
plus,test_df,36
policies,0,1
policies,1,1
policies,2,1
policies,test_df,2
policybazaar,0,3
policybazaar,1,1
policybazaar,test_df,1
polimi,1,1
pophealth,1,1
pophealth,test_df,1
pornhub,1,1
pornhub,2,1
preferred,1,1
preferred,test_df,1
premiumjobalerts,1,3
premiumjobalerts,2,1
premiumjobalerts,test_df,2
primevideo,0,2
primevideo,1,32
primevideo,2,25
primevideo,test_df,39
printfection,0,3
printfection,1,1
printfection,4,1
printfection,test_df,1
produitsetservices-laposte,0,4
produitsetservices-laposte,1,1
produitsetservices-laposte,test_df,3
projecteuler,0,2
projecteuler,1,2
projectfree,test_df,2
promo,2,1
promo,test_df,1
property,0,1
property,1,3
property,5,1
property,test_df,5
proto,2,1
proto,test_df,2
psycom,1,1
psycom,2,1
public,1,1
public,test_df,1
pvrcinemas,0,1
pvrcinemas,1,55
pvrcinemas,2,63
pvrcinemas,test_df,67
pypi,0,1
pypi,test_df,1
qemailserver,0,1
qemailserver,1,1
qemailserver,test_df,2
qgraph,0,1
qgraph,1,1
quadkopters,0,18
quadkopters,1,23
quadkopters,2,6
quadkopters,test_df,21
quikr,0,1
quikr,1,2
quikr,test_df,1
quikreasyinfo,0,2
quikreasyinfo,test_df,1
quora,0,191
quora,1,875
quora,2,102
quora,7,975
quora,test_df,938
quorg,1,2
rapidapi,0,2
rapidapi,1,15
rapidapi,2,13
rapidapi,test_df,11
razorpay,0,12
razorpay,2,1
razorpay,test_df,3
rb,0,4
rb,2,1
rb,6,3
rb,test_df,4
rcbazaar,1,17
rcbazaar,2,4
rcbazaar,test_df,7
rcgroups,0,3
rcgroups,1,8
rcgroups,2,9
rcgroups,test_df,6
rchobbyaddict,0,1
rchobbyaddict,test_df,1
rdio,1,1
rdio,7,1
readcube,0,4
readcube,1,3
readcube,2,4
readcube,test_df,4
readlang,0,2
readlang,test_df,1
readme,0,2
readme,2,1
readme,test_df,1
ready4,0,1
ready4,2,2
ready4,test_df,6
realtimeboard,0,8
realtimeboard,1,7
realtimeboard,2,2
realtimeboard,test_df,7
rechargeitnow,0,2
rechargeitnow,1,1
rechargeitnow,test_df,1
rechargercommandernavigo,0,1
recruitment,0,1
recruitment,test_df,1
reddit,0,2
reddit,1,1
reddit,test_df,3
redditmail,0,1
redhat,0,1
redhat,test_df,2
rediffmail,0,1
rediffmail,1,6
rediffmail,6,1
rediffmail,test_df,2
rediffnotifications,0,3
rediffnotifications,1,3
rediffnotifications,test_df,2
redwolf,0,1
redwolf,1,120
redwolf,2,123
redwolf,test_df,108
referhire,0,5
referhire,1,9
referhire,2,13
referhire,test_df,11
reglomobile,0,4
reglomobile,1,3
reglomobile,test_df,5
remail,0,6
remail,1,3
remisesetreductions,0,5
remisesetreductions,test_df,1
remotemore,0,1
reply,0,13
reply,1,197
reply,2,186
reply,test_df,145
reply1,1,1
reply1,test_df,1
repositoryhosting,0,128
repositoryhosting,1,63
repositoryhosting,2,2
repositoryhosting,test_df,83
research,1,3
research,test_df,1
research-mail,0,3
research-mail,1,2
research-mail,test_df,4
researchgate,1,62
researchgate,7,124
researchgate,test_df,90
researchgatemail,1,57
researchgatemail,7,130
researchgatemail,test_df,83
revolut,0,21
revolut,test_df,12
ride,1,4
ride,2,9
ride,test_df,2
rit,0,5
rit,1,15
rit,2,4
rit,test_df,11
robots,1,2
robots,test_df,1
rootwork,1,2
royalsundaram,0,3
royalsundaram,1,4
royalsundaram,test_df,3
rs-components,0,14
rs-components,1,52
rs-components,2,56
rs-components,test_df,45
ruprr,0,18
ruprr,1,21
ruprr,2,1
ruprr,test_df,14
s-hr,0,4
s-hr,1,1
s-hr,test_df,3
saavnletters,1,1
saavnletters,test_df,2
saiconference,0,5
saiconference,test_df,2
sailcareers,0,1
sailcareers,1,1
saips,test_df,2
salesforce,0,1
salesforce,1,1
sampark,0,36
sampark,1,207
sampark,2,176
sampark,test_df,171
sbi,0,181
sbi,1,162
sbi,2,6
sbi,test_df,140
sc,1,2
sc,3,3
sc,test_df,1
schneider-electric,1,2
schneider-electric,test_df,1
sci,1,1
sci,2,1
sci,test_df,1
science-accueil,1,4
science-accueil,test_df,1
scitevents,0,6
scitevents,test_df,3
sdl,1,4
sdl,test_df,1
se,1,89
se,test_df,46
securelconnect,0,1
securelconnect,1,4
securelconnect,test_df,2
segpay,0,1
segpay,1,1
send,1,125
send,2,149
send,test_df,100
sentinel-hub,0,3
sentinel-hub,1,4
sentinel-hub,test_df,4
server2,2,4
server2,6,3
server2,test_df,7
server40,1,1
server4you,0,1
server4you,1,1
service,0,3
service,1,1
service,test_df,2
service-airfrance,0,2
service-airfrance,5,2
service-airfrance,test_df,5
serviceclients,0,2
serviceclients,1,2
serviceclients,2,1
serviceclients,test_df,1
sg,1,1
sg,2,12
sg,test_df,8
sg2plcpnl0071,0,1
sh01,0,9
sh01,1,9
sh01,test_df,6
shakeshack,2,7
shakeshack,test_df,8
sharelatex,0,15
sharelatex,1,7
sharelatex,test_df,9
shining3d,0,4
shining3d,1,5
shining3d,2,4
shining3d,test_df,5
shop,1,31
shop,2,37
shop,test_df,24
shriramgeneral,0,3
shriramgeneral,1,4
shriramgeneral,2,1
shriramgeneral,test_df,2
shriramgi,0,3
shriramgi,1,4
shriramgi,test_df,3
shriramtravelinsurance,test_df,1
si36,0,7
si36,2,1
si36,6,7
si36,test_df,7
si53,0,5
si53,2,2
si53,6,3
si53,test_df,7
signalprocessingsociety,0,80
signalprocessingsociety,1,41
signalprocessingsociety,2,91
signalprocessingsociety,test_df,97
simbla,1,1
simbla,2,1
sketch,0,3
sketch,1,1
sketch,test_df,2
sketchup,2,1
skillpagesmail,1,2
skillpagesmail,test_df,4
skywatch,1,5
skywatch,2,3
skywatch,test_df,2
slack,0,198
slack,1,75
slack,2,5
slack,test_df,108
sm,1,6
sm,2,3
sm,6,6
sm,test_df,8
smartsheet,1,2
smartsheet,2,2
smartsheet,test_df,2
smartystreets,0,2
smartystreets,1,2
smartystreets-chat,0,1
smartystreets-chat,1,1
smtpmailbox,0,6
smtpmailbox,1,8
smtpmailbox,test_df,4
snapdeals,0,1
snapdeals,1,1
snapfish,0,1
snapfish,1,1
socgen,0,2
socgen,test_df,1
socialalpha,test_df,2
softbankrobotics,0,1
softbankrobotics,1,1
softbankrobotics,test_df,1
softzen,1,4
soundsnap,test_df,1
sourced,0,2
sourced,1,1
sourced,test_df,3
speakingtree,0,2
speakingtree,1,2
speakingtree,test_df,2
speed,1,1
spgjedu,test_df,1
spicejet,0,1
spicejet,1,1
spicejet,test_df,1
splitwise,0,53
splitwise,1,39
splitwise,test_df,36
spoj,test_df,2
spotify,0,49
spotify,1,7
spotify,test_df,34
springboard,0,79
springboard,1,81
springboard,2,10
springboard,test_df,67
stackexchange,1,2
stackexchange,3,1
stackexchange,test_df,1
stackoverflow,0,5
stackoverflow,1,5
stackoverflow,test_df,4
standupalice,0,26
standupalice,3,442
standupalice,test_df,201
stanford,0,3
stanford,1,2
stanford,test_df,1
staqu,1,102
staqu,test_df,61
state,0,69
state,1,89
state,2,45
state,test_df,76
statebankrewardz,0,17
statebankrewardz,1,93
statebankrewardz,2,106
statebankrewardz,4,1
statebankrewardz,test_df,98
steampowered,0,1
steampowered,1,1
stockroom,1,1
stockroom,test_df,3
stripe,0,2
stripe,test_df,1
studapart,0,2
studapart,1,3
studapart,2,2
student,1,18
student,3,1
student,test_df,2
student-cs,1,8
student-cs,3,2
student-cs,test_df,6
studiosport,0,3
stylusstudio,1,1
stylusstudio,test_df,1
successfactors,0,4
successfactors,1,2
supelec,1,4
supelec,3,5
supelec,test_df,6
support,1,1
support,test_df,1
supsi,0,1
supsi,1,1
supsi,test_df,2
surtri,0,2
surtri,1,1
surtri,test_df,1
surveygizmo,test_df,1
surveymonkey,0,3
surveymonkey,1,4
surveymonkey,test_df,1
surveymonkeyuser,0,2
surveymonkeyuser,1,2
surveymonkeyuser,test_df,1
surveysitemail,0,2
surveysitemail,1,1
surveysitemail,test_df,1
susestudio,1,1
sutlej-mail,test_df,2
swagshirts99,0,4
swagshirts99,1,1
swiggy,0,20
swiggy,1,11
swiggy,2,8
swiggy,4,20
swiggy,test_df,20
symless,0,2
symless,1,30
symless,2,25
symless,test_df,23
synergy-project,1,2
synergy-project,2,1
synergy-project,test_df,1
synlab,0,1
synlab,test_df,2
synthia-dataset,1,1
synthia-dataset,test_df,2
t,0,7
t,1,9
t,2,2
t,test_df,10
tagx,3,3
tagx,test_df,1
takamul,1,3
takamul,test_df,1
talisman-corporation,0,1
talisman-corporation,1,6
talisman-corporation,test_df,2
tapchief,1,1
tapchief,test_df,2
tatadocomo,0,4
tatadocomo,1,1
tatadocomo,2,1
tatadocomo,test_df,4
tatasky,test_df,3
taxiforsure,0,3
taxiforsure,1,3
taxiforsure,test_df,2
teabox,1,1
teabox,test_df,1
teamviewer,0,28
teamviewer,1,17
teamviewer,test_df,16
techaffinity,1,1
techject,0,1
techject,test_df,1
technoidentity,1,2
technoidentity,test_df,2
technolutions,0,6
technolutions,1,4
technolutions,2,5
technolutions,test_df,9
technophilia,0,5
technophilia,1,6
technophilia,test_df,1
techstars,1,4
techstars,test_df,1
techstarsassociates,1,2
techtud,0,3
techtud,1,2
techtud,test_df,3
telecom-sudparis,1,19
telecom-sudparis,test_df,11
telecomlead,0,1
telecomlead,1,1
templatemonster,0,2
templatemonster,1,1
templatemonster,test_df,1
tenettech,1,2
testondemand,1,4
testondemand,6,5
testondemand,test_df,3
thefork,0,17
thefork,1,9
thefork,test_df,10
thehobbyshop,1,1
thehobbyshop,test_df,1
theshein,0,30
theshein,2,10
theshein,test_df,9
thesignals,0,1
thesignals,1,2
thinkdigit,1,1
thinkdigit,test_df,1
thomas,test_df,2
thomas-earnshaw,2,7
thomas-earnshaw,test_df,6
thomascook,0,38
thomascook,1,83
thomascook,2,108
thomascook,test_df,88
ticket-airfrance,0,1
ticket-airfrance,1,1
ticket-airfrance,5,2
ticket-airfrance,test_df,3
tikona,0,6
tikona,1,4
tikona,test_df,8
time4education,0,2
time4education,1,1
time4education,test_df,1
timelesslearntech,0,1
timelesslearntech,1,1
timespoint,0,3
timespoint,1,3
timespoints,0,11
timespoints,1,10
timespoints,test_df,7
tnt,0,2
tnt,1,3
tnt,test_df,3
todoist,0,4
todoist,test_df,5
toluna,0,3
toluna,test_df,1
topcoder,0,242
topcoder,1,343
topcoder,2,139
topcoder,test_df,315
topresume,0,4
topresume,1,4
topresume,test_df,2
toptalent,0,14
toptalent,1,19
toptalent,test_df,11
transferwise,0,56
transferwise,test_df,15
travel,1,8
travel,2,27
travel,test_df,18
trello,0,23
trello,1,17
trello,2,34
trello,test_df,32
trends-temple,2,1
trigger,1,1
trigger,test_df,1
trm,0,9
trm,1,5
trm,test_df,12
truecaller,0,2
truecaller,1,6
truecaller,2,3
truecaller,test_df,1
truelancr,1,1
truelancr,test_df,1
trustpilotmail,0,2
trustpilotmail,test_df,2
tti-network,1,4
tti-network,test_df,1
tue,0,9
tue,1,5
tue,test_df,8
tufinawatches,1,4
tufinawatches,2,4
tufinawatches,test_df,4
tum,1,7
tum,test_df,3
tunitascreek,0,13
tunitascreek,1,9
tunitascreek,test_df,10
turing,0,2
turing,1,2
turing,test_df,3
tutorco,1,2
twenty19,0,8
twenty19,1,9
twenty19,2,2
twenty19,test_df,7
twitter,0,8
twitter,1,940
twitter,2,6
twitter,7,1361
twitter,test_df,983
typeform,0,2
typeform,2,9
typeform,test_df,2
u-psud,1,1
u-psud,3,1
uber,0,11
uber,1,3
uber,2,5
uber,test_df,9
ubigi,1,1
ubigi,2,6
ubigi,test_df,2
ubuntu,1,1
ubuntu,test_df,1
ucl,1,1
udacity,0,18
udacity,1,277
udacity,2,260
udacity,test_df,248
ugcmailing,0,6
ugcmailing,1,2
ugcmailing,test_df,1
uir,1,2
uir,test_df,2
um,1,4
umd,test_df,2
umich,0,16
umich,1,2
umich,2,1
umich,test_df,4
un,0,2
un,2,3
un,6,8
un,test_df,5
un1,0,2
un1,2,2
un1,6,5
un1,test_df,3
unisys,0,6
unisys,1,14
unisys,2,6
unisys,test_df,4
univ-mlv,1,5
univ-mlv,test_df,3
universitadipavia,1,1
universite-paris-saclay,1,1
universite-paris-saclay,3,27
universite-paris-saclay,test_df,12
unqiueindia,0,5
unqiueindia,2,6
unqiueindia,6,1
unqiueindia,test_df,2
updates,0,34
updates,1,78
updates,2,46
updates,test_df,82
ups,0,7
ups,1,1
ups,test_df,1
upwork,0,52
upwork,1,9
upwork,test_df,21
urekascience,1,1
us,0,25
us,1,27
us,2,3
us,test_df,22
usc,1,1
usebackpack,0,2276
usebackpack,1,2556
usebackpack,2,238
usebackpack,test_df,2105
usgs,0,7
usgs,1,2
usgs,test_df,1
usief,0,125
usief,1,36
usief,2,29
usief,test_df,99
ustraveldocs,0,2
uttyler,0,6
uttyler,1,2
uttyler,test_df,1
uva,1,4
uvpn,0,2
uvpn,1,1
vairdo,1,3
vairdo,2,2
vairdo,test_df,1
vectormagic,0,1
vectormagic,1,1
velvetjobs,0,23
velvetjobs,2,1
velvetjobs,test_df,9
verify,test_df,1
versailles,0,8
versailles,1,4
versailles,2,1
versailles,test_df,7
vfsglobal,0,12
vfsglobal,1,5
vfsglobal,test_df,5
vfshelpline,0,13
vfshelpline,1,6
vfshelpline,test_df,9
videoken,1,2
vincerowatches,0,1
vincerowatches,1,3
vincerowatches,2,5
vincerowatches,test_df,2
vip,3,1
virtualtaboo,1,1
virtualtaboo,test_df,1
virtuosos,0,19
virtuosos,1,20
virtuosos,test_df,14
visale,0,8
visale,1,2
visale,test_df,3
visaops,0,1
visaops,1,4
visaops,test_df,3
visme,2,3
visme,test_df,3
vito,1,1
vito,2,4
vito,test_df,4
vodafone,0,12
vodafone,1,17
vodafone,test_df,12
votenet,0,2
votenet,test_df,4
vrporn,1,1
vrporn,test_df,1
walkfree,0,26
walkfree,1,37
walkfree,2,12
walkfree,test_df,44
washingtonpost,0,8
washingtonpost,2,25
washingtonpost,test_df,17
way2sms,0,1
way2sms,1,1
wdc,0,2
wdc,1,2
wdc,test_df,2
web-spicejet,1,6
web-spicejet,2,10
web-spicejet,test_df,6
websitetemplatesonline,0,1
websitetemplatesonline,1,1
welcome,0,1
welcome,test_df,2
wellesley,1,1
westnet,1,1
whatpulse,0,2
whatpulse,1,1
whatpulse,test_df,1
wifirst,0,2
wimpmail,0,1
wimpmail,1,1
wipro,1,1
wisdomjobs,0,1
wisdomjobs,test_df,1
wish,2,1
wish,test_df,5
wit,0,2
wit,test_df,1
witai-2,0,1
witai-2,1,3
witai-2,2,1
witai-2,test_df,3
wix,0,1
wix,test_df,1
wolfram,0,3
wolfram,1,2
wolfram,test_df,1
wooe,0,3
wooe,1,5
wooe,test_df,10
wordpress,0,2
wordpress,1,2
workast,0,5
workast,1,3
workast,2,2
workast,test_df,2
worldbank,1,2
worldsim,1,1
worldsim,test_df,1
wufoo,0,2
wufoo,1,2
wufoo,test_df,2
xecutehr,1,1
xname,test_df,1
xoom,0,18
xoom,1,7
xoom,test_df,11
xprize,0,28
xprize,1,24
xprize,2,60
xprize,test_df,39
xrce,1,1
xrce,test_df,1
yahoo,0,2
yahoo,1,71
yahoo,test_df,29
yahoo-inc,0,3
yahoo-inc,1,2
yahoo-inc,test_df,2
yandex,3,2
yandex,test_df,1
yatra,0,3
yatra,1,1
yatra,5,1
yatra,test_df,3
ymail,1,2
ymail,test_df,2
yocket,0,1
yocket,1,2
yocket,test_df,3
your-freedom,test_df,2
youth4work,1,2
youth4work,2,3
youth4work,6,1
youth4work,test_df,4
youtube,0,1
youtube,1,574
youtube,7,577
youtube,test_df,497
zamzar,1,1
zamzar,test_df,1
zeemaps,0,1
zeemaps,2,2
zen-makemytrip,0,71
zen-makemytrip,6,1
zen-makemytrip,test_df,28
zen2-makemytrip,0,3
zenysis,1,1
zenysis,test_df,2
zepass,0,6
zepass,1,3
zepass,test_df,3
zero13wireless,0,3
zero13wireless,1,4
zero13wireless,test_df,1
zettaset,3,2
zomato,1,1
zomato,4,1
zomato,test_df,2
zoom,0,31
zoom,1,3
zoom,2,22
zoom,test_df,24
zoomcybersense,0,1
zoomcybersense,test_df,1
zoomgroup,0,34
zoomgroup,1,39
zoomgroup,2,4
zoomgroup,test_df,45
zooniverse,0,2
zooniverse,1,2
zooniverse,test_df,4
zoov,0,14
zoov,2,17
zoov,test_df,12
zoov-support,0,1
zoov-support,1,9
zoov-support,2,1
zoov-support,test_df,4
zurich,1,2
